作者,ふりがな,ピンイン,時代,作者紹介,作者簡介
韋応物,いおうぶつ,wéi yìng wù,漢,京兆府長安県（陝西省西安市）出身の詩人。736年〜没年不詳。主な作品として『韋蘇州集』10巻がある。,唐代诗人。京兆万年人。曾任滁州、江州、苏州刺史，世称“韦苏州”。其诗多写山水田园，清丽闲淡。
于謙,うけん,yú qīan,魏,浙江省杭州市出身の政治家。1398〜1457年。北京に迫るエセンの侵攻を撃退するなどの功績を残すも、後年英宗が再び帝位につく際に誣告され、処刑される。,明代名臣、诗人。字廷益，号节庵。官至兵部尚书。其诗多表现忧国忧民之情，名篇有《石灰吟》。
袁枚,えんばい,yúan méi,唐,浙江省杭州、銭塘出身の詩人。1716〜1797年。主な著書に随園食単という料理本や随園女弟子詩選という詩集がある。,清代诗人、散文家。字子才，号随园老人。倡导“性灵说”，为“乾隆三大家”之一。著有《随园诗话》。
王安石,おうあんせき,wáng ān shí,北朝,江西省撫州市出身の政治家＆作家。1021〜1086年。制置三司条例司を設置するなどの政策で有名。また、仁宗皇帝に上奏した万言書で、唐宗の八大作家の一人に数えられている。,北宋政治家、文学家，“唐宋八大家”之一。字介甫，号半山。发起熙宁变法。其诗文雄健峭拔。
王維,おうい,wáng wéi,宗,山西省太原の祁人県出身の詩人。晩年の官職は高級官僚である尚書右丞。699年 - 759年。自然を題材にした詩を多く残した事で「詩仏」の異名を取る。,唐代著名诗人、画家，被称为“诗佛”。字摩诘。开创了淡雅幽静的山水田园诗派，“诗中有画”。
王翰,おうかん,wáng hà n,元,山西省太原(并州晋陽)出身の詩人。687年〜。凉州詞とは甘粛省武威県で流行った詩の事だけど、王翰の詩で一躍有名になった。お酒と女好きの役人で、最後は道州司馬へ流されて一生を終えた。,唐代诗人。字子羽。性格豪放，以边塞诗著称。其《凉州词》“葡萄美酒夜光杯”广为传诵。
翁巻,おうけん,wēng jūan,明,浙江省、温州楽清出身の詩人。生没年月日不明。生涯仕官せず、平民として一生を過ごした。,南宋诗人。字续古，一字灵舒。永嘉四灵之一。擅长五言律诗，诗风清淡，多描写山水田园及隐逸生活。
王之渙,おうしかん,wáng zhī hùan,清,山西省太原市出身の詩人。688〜742年。地方官吏止まりの絶句に長けた詩人。,唐代诗人。字季凌。常与高适、王昌龄唱和，擅长描写边塞风光。代表作有《登鹳雀楼》。
王昌齢,おうしょうれい,wáng chàng líng,唐,山西省太原出身の詩人。698〜755年。安禄山の乱の時に官職を辞し、刺史の閭丘暁に殺されて生涯を終えている。,唐代著名的边塞诗人，被誉为“七绝圣手”。其诗意境开阔，情感深沉，擅长表现征人思妇之情。
王磐,おうばん,wáng pán,明,江蘇省高郵出身の作曲家。1470〜1530年。裕福な家の生まれで勉強家だが、縛られる事が嫌いで仕官する事はなかった。,明代散曲家、画家。字备远，号本斋。其散曲多反映民间疾苦，讽刺贪官污吏，语言生动活泼。
王冕,おうべん,wáng mían,元,浙江省出身の詩人＆画家。1310〜1359年。篆刻(印章を掘る事)にも長けていた。科挙に落ち、生涯仕官する事はなかったが、学識に富み、特に梅の花を画題とした花鳥画は日本の画家にも影響を与えた。浙江省の紹興市近郊の蘭亭で没す。,唐代诗人，“初唐四杰”之首。字子安。才华横溢，十四岁即举幽素科。代表作有《滕王阁序》。
温庭筠,おんていいん,wēn tíng yún,唐,山西省太原出身の詩人。812年〜。唐末期を代表する詩人の一人だが、自信の軽率な行動と性格のために不遇な生涯を送った。,唐代诗人、词人，“花间派”鼻祖。字飞卿。其诗词辞藻华丽，意象密集，对后世词学影响深远。
楽府,がくふ,lè fù,前漢,作者不明の民歌,乐府本是汉武帝时设立的音乐机关，后指由该机关采集保存的民歌，反映了当时的社会现实。
賀知章,がちしょう,hè zhī zhāng,唐,浙江省会稽出身の詩人＆書道家。659〜744年。官職としては礼部侍郎、工部侍郎などを歴任している。詩人としては晩年「四明狂客」と自称し、人々からは「詩狂」と呼ばれた。,唐代诗人、书法家。字季真，号四明狂客。性格旷达，与李白交好。其诗自然清新。
賈島,かとう,jĭa dăo,唐,河北省涿州市出身の詩人。主な詩集は「長江集」10巻で収録している詩は370首。特筆すべき出来事の一つに、ロバの上で作詩に夢中になり、「推す」か「敲く」で迷っている内に知事、韓愈の行列にぶつかってしまい、その出来事から文章を練り直すという意味の「推敲」という故事が生まれた事が挙げられる。,唐代诗人。字浪仙，人称“诗奴”。以苦吟著称，讲究炼字造句。与孟郊并称“郊寒岛瘦”。
韓翃,かんこう,hán hóng,唐,河南省出身で出生＆生没年月日は不詳。節度師(地方防衛のための役職)の元で活躍した経歴があり、大暦十才子という唐初期に活躍した十人の詩人の内の一人に選ばれている。,唐代诗人，“大历十才子”之一。字君平。其诗笔法轻快，色彩明丽。代表作《寒食》广为传诵。
龔自珍,きょうじちん,xí zì zhēn,清,浙江省杭州出身の思想家＆文学者。1792〜1841年。礼部主事等を歴任した経歴を持つ。主な著書に『春秋決事比』、『五経大義始終論』、『答問九章』などがある。,清代思想家、诗人。字璱人，号定庵。近代改良主义先驱。其诗风格瑰丽，充满了忧国忧民的热情。
高適,こうせき,gāo shì,唐,河北省出身の役人＆詩人。702？〜765年。人民の悲痛や辺境を守る兵士の苦難を描いた、いわゆる辺寒詩で一躍有名になる。また、勅使、西川節度師まで歴任したエリート。主な著書は高常侍集。,唐代著名的边塞诗人。字达夫。其诗气势雄浑，笔力浑厚，反映了边塞生活的艰辛与壮丽。
高鼎,こうてい,gāo dĭng,清,浙江省杭州出身の詩人。生没年月日不詳。また、詳しい史料が残っていないため、彼の人生の履歴も謎が多い。主な詩に「村居」がある。,清代诗人。字象一，号省三。仁和（今浙江杭州）人。其诗多描写自然景色及乡村生活，《村居》是其名篇。
胡令能,これいのう,hú líng néng,唐,785〜826年。唐代の詩人、隠居人。貧しい家に生まれ、若い時は鍋やお椀の修理をして生活していたため、「胡釘鉸」（直訳すると釘とハサミ）と呼ばれていた。彼の詩は簡明で分かりやすく、構想が巧みであり、生活情緒が濃いのが特徴。現在は七言絶句4首しか残っていないが、どれも生き生きとして真に迫っている。,唐代诗人。曾为手工匠人（补锅匠），故人称“胡钉铰”。其诗语言通俗，生动有趣。
朱熹,しゅき,zhū xī,南宋,1130年9月15日～1200年4月23日。字は元晦（げんかい）もしくは仲晦。号は晦庵。朱子学の創始者であり、尊称の「朱子」が一般に知れ渡っている呼び方である。1148年に科挙に合格し仕官を始める。偉大な文学、思想、四書を残すなどの功績、ひいては徳川幕府のイデオロギーにまでなり、日本に多大な影響を及ぼした、正に偉人である。,南宋理学家、教育家、诗人，理学集大成者。字元晦，号晦庵。其诗讲究理趣，语言简练。
辛棄疾,しんきしつ,xīn qì jí,金,1140年～1207年、安徽省亳県出身。政治家で詩人。字は幼安、号は稼軒。金の南宋への進攻失敗時に2000人の民衆を率いての反乱を皮切りに、南宋で建康通判等数々の要職を務めるが、金への強硬政策が朝廷内の反発を買い失脚。文人としては歌辞文芸（朝鮮詞歌）、「詞」の作家として有名で、600余首に上る作品を残している。朱熹，陸游などとも親交があった。,南宋豪放派词人。字幼安，号稼轩。其词风格豪迈，充满了收复失地的满腔爱国热血。
曹植,そうしょく,cáo zhí,三国時代,192～232年。曹操の五男。曹操は武人としてだけではなく、文人としても優れ、この時代に五言の詩形、五言詩を確立させた。曹植はその才能のため、少々行き過ぎた言動を取りがちで、そのため曹操を激怒させ、後継者争いから落伍する事になった。曹操の死後は各地を転々とする不遇な境遇にあるも、その多彩な才能は埋もれる事無く、詩人としての成果物は「曹子建集」という作品集10巻に残されている。,三国曹魏文学家，字子建。曹操之子。才高八斗，其诗骨气奇高，辞采华茂，是建安文学的代表。
蘇軾,そしょく,sū shì,北宗,1037年1月8日～1101年8月24日。政治家、詩人、書家。東坡居士の号で親しまれる。21歳で科挙に、26歳で制科に合格。以後政争、流刑の生涯の中で優れた文才を発揮し、その詩は『東坡七集』に収められ、北宋時代最高の詩人とされている。また、書家としてもすぐれた作品を残し、「宗の四大家」と称される。「唐宋八大家」の一人でもある。,北宋中期的文坛领袖，“唐宋八大家”之一。字子瞻，号东坡居士。他在诗、词、散文、书画等方面均有极高成就。其词开创了豪放一派，打破了晚唐五代以来的婉约传统。他一生屡遭贬谪，却始终保持豁达、乐观的人生态度。他的作品不仅充满理趣，更蕴含着超然物外的人生哲学。代表作有《水调歌头》《赤壁赋》等。
張継,ちょうけい,zhāng xù,唐,"張継（ちょうけい）は中国中唐（8世紀）の詩人、官僚政治家。字は懿孫。生没年未詳。没年は779年の説あり。湖北省襄州（襄陽市襄州区）の出身。
753年（天宝12年）に進士に合格、安史の乱にさいして江南に逃れ、越州（浙江省紹興市）・杭州（浙江省杭州市）・潤州（江蘇省鎮江市）・蘇州（江蘇省蘇州市）などを歴遊する。初めは節度使の幕僚となり、のちに塩鉄判官となった。766年（大暦元年）ころ朝廷に入り、侍御史、検校祠部郎中に任じられた。770年、洪州（江西省南昌市）の地方官として転出、同地で没した。博識で議論好きな性格で、政治に明るく、公正な政治家だという評判があった。道士のような風貌であったという。
同じ中唐の詩人皇甫冉とは幼なじみで、劉長卿とも親交を持った。",唐代诗人。字信本。其《枫桥夜泊》描绘了秋夜水乡的静谧与忧愁，是中国文学史上的名篇。
張志和,ちょうしわ,zhāng zhì hé,唐,中唐の詩人。730～810年頃。字は子同。号して玄真子。州金華（現・浙江省）の人。待詔翰林学に任ぜらる。後、致仕して、江湖にあって隠棲とし、世俗の中にありながら煙波釣徒と称して、この詞のように脱俗的な日を過ごした。水上にむしろを敷いて座し、酒を飲み、詩を詠じ、鶴に乗って昇天したという。,唐代诗人、画家。字子同，初名龟龄，号玄真子。其《渔歌子》描绘了江南水乡的宁静生活。
鄭燮,ていしょう,zhèng xìe,清,"鄭 燮（てい しょう、康熙32年（1693年） - 乾隆30年（1765年））は、清代の画家、書家。興化の人で、字は克柔（こくじゅう）、板橋（はんきょう）と号した。詩書画すべてよくし、三絶の誉れ高い孤立独往の文人である。書がもっとも異彩を放っており、その書風は各体混交の奇矯なもの。画は揚州八怪の領袖的存在とされる。
揚州で書画を売りつつ科挙の受験勉強を続け、雍正10年（1732年）、挙人に及第し、乾隆元年（1736年、44歳）に進士の特別試験[1]に合格して翰林院に入った。乾隆7年（1742年）に范県の知事として赴任し、同11年（1746年）には濰県の知事に転任した。当時から鄭燮の詩書画は有名で、赴任地で彼の書体が流行したといわれる。",清代书画家、文学家，“扬州八怪”之一。字克柔，号板桥。擅长画竹、兰、石，诗文率真自然。
杜甫,とほ,dù fŭ,唐,"杜 甫（と ほ、712年（先天元年） - 770年（大暦5年））は、中国盛唐の詩人。字は子美。号は少陵野老、別号は杜陵野老、または杜陵布衣。「杜少陵」「杜工部」とも呼ばれる。律詩の表現を大成させた。中国文学史上最高の詩人として、李白の「詩仙」に対して、「詩聖」と呼ばれている。
770年（大暦元年） : 襄陽を通り洛陽を経由して長安に戻ろうとしたが、相江の舟の中で客死する。死因としては、頂き物の牛肉を食べ過ぎて亡くなった話が有名だが、この話が事実ではないとする意見も多く、確実な死因は不明。
770年（大暦元年） : 襄陽を通り洛陽を経由して長安に戻ろうとしたが、相江の舟の中で客死する。死因としては、頂き物の牛肉を食べ過ぎて亡くなった話が有名だが、この話が事実ではないとする意見も多く、確実な死因は不明。",唐代伟大的现实主义诗人，誉为“诗圣”。他生活在唐朝由盛转衰的时代，其诗深刻地反映了安史之乱前后的社会动荡与人民疾苦，被称为“诗史”。杜甫的诗风沉郁顿挫，格律严谨，情感真挚深沉。他虽一生颠沛流离，但始终心系苍生，忧国忧民。代表作有“三吏”“三别”及《春望》《登高》等。
杜牧,とぼく,dù mù,唐,"杜 牧（と ぼく、803年（貞元19年）- 853年（大中6年））は中国、晩唐期の詩人。京兆府万年県（現陝西省西安市）の人。字（あざな）は牧之。号は樊川。
晩唐の繊細な技巧的風潮を排し、平明で豪放な詩を作った。風流詩と詠史、時事諷詠を得意とし、艶麗と剛健の両面を持つ。七言絶句に優れた作品が多い。杜甫の「老杜」に対し「小杜」と呼ばれ、また同時代の李商隠と共に「晩唐の李杜」とも称される。 祖父に中唐の歴史家・杜佑を持ち、詩人の杜荀鶴は庶子と言われる。",唐代杰出的诗人、散文家。字牧之，号樊川居士。其诗俊爽简洁，情致深婉，被后世称为“小李杜”。
白居易,はくきょい,bái jū yì,唐,"白 居易（はく きょい、772年（大暦7年） - 846年（会昌6年））は、中唐の詩人。字は楽天。号は酔吟先生・香山居士。弟に白行簡がいる。
772年、鄭州新鄭県（現河南省新鄭市）に生まれた。子どもの頃から頭脳明晰であったらしく、5～6歳で詩を作ることができ、9歳で声律を覚えたという。
彼の家系は地方官として役人人生を終わる男子も多く、抜群の名家ではなかったが、安禄山の乱以後の政治改革により、比較的低い家系の出身者にも機会が開かれており、800年、29歳で科挙の進士科に合格した。35歳で盩厔県（ちゅうちつけん、陝西省）の尉になり、その後は翰林学士、左拾遺を歴任する。このころ社会や政治批判を主題とする「新楽府」を多く制作する。
815年、武元衡暗殺をめぐり越権行為があったとされ、江州（現江西省九江市）の司馬に左遷される。その後、中央に呼び戻されるが、まもなく自ら地方の官を願い出て、杭州・蘇州の刺史となり業績をあげる。838年に刑部侍郎、836年に太子少傅となり、最後は842年に刑部尚書の官をもって71歳で致仕。74歳のとき自らの詩文集『白氏文集』75巻を完成させ、翌846年、75歳で生涯を閉じる。",唐代伟大的现实主义诗人，字乐天，号香山居士。他是新乐府运动的倡导者，主张“文章合为时而著，歌诗合为事而作”。他的诗歌题材广泛，语言平易通俗，相传“老妪能解”。他十分关心民间疾苦，作品具有强烈的批判现实精神。代表作有《长恨歌》《琵琶行》《卖炭翁》等。
葉紹翁,はしょうおう,yè shāo wēng,南宋,南宋中期の詩人で、字は嗣宗、号は靖逸、龍泉人。故郷は建安（今の福建省の地方）、本姓は李。生没年月日不明。朝廷の小官を歴任した事がある。七言絶句に秀でていた詩人。,南宋诗人。字嗣宗，号靖逸。其诗格调清新，多写自然风光。名句“春色满园关不住”家喻户晓。
范成大,はんせいだい,fàn chéng dà ,南宋,"范成大（はん せいだい、1126年 - 1193年）は中国・南宋の政治家、詩人。字は致能、石湖居士と号した。南宋四大家の一人。
呉都（江蘇省蘇州）の出身。1154年に進士に及第し、戸曹監和済局の官を振り出しに著作佐郎をへて吏部郎官となったが一時退官する。知処州に返り咲いた時に税法の弊害を除くために義役の法を改めたことで認められ、礼部員外郎に崇政殿学士を兼ねた。中央にあっては、刑法・盬法・馬政を改良し饑民を救済する。蜀へ赴任したさいは西南の吐蕃を防ぐため、城柵を増築し兵数千を増加し敵を離間するなど、軍政上も功績を残した。國信使として金国に出たときは、金の朝廷の威嚇に屈せず宋朝の威信を保ち臣節を全うして帰国する。中書舎人となり、広西へ経略按撫使兼副知静江府として出て、中央にもどって敷文閣侍制となるが、すぐに四川の制置使とされる。中央にもどり権吏部尚書となり参知政事となったが、まもなく二度目の隠退をする。そして明州の知を命じられ、端明殿学士をへて一時は金陵（南京）に駐留し、資政殿学士となったが病気を理由に故郷に退き、そこで没する。崇国公に追封され、文穆と諡された。
范成大は人物鑑識に明察があり、有能な者を抜擢してことごとく幕下におき、小さな欠点にこだわらず長所を大いに用いたので、彼の配下からは二府の大臣に至った者が輩出したという。",南宋诗人、名臣。字致能，号石湖居士。其田园诗集大成，真实反映了农村生活。与陆游等并称四大诗人。
范仲淹,はんちゅうえん,fàn zhòng yān,北宗,"范仲淹（はんちゅうえん、989年（端拱2年） - 1052年（皇祐4年））は中国・北宋の政治家、文人。字は希文、諡は文正。
蘇州呉県（江蘇省蘇州市）の出身。2歳の時に父を失って母が長山の朱氏に再嫁したのでその姓に従い、名を説と改めたが、成長して生家を知るとともに本姓にもどした。應天府に行って苦学し、1015年に大中祥符中進士に及第して広徳軍司理参事となり晏殊に薦められて秘閣校理となり、つねに天下のことを論じて士大夫の気節を奮いたたせていた。仁宗が親政の時にあたって中央で採用され吏部員外郎となったが、宰相の呂夷簡に抗論して饒州に左遷された。以後、彼を支持した余靖・尹洙・欧陽脩も次々と朝廷を去り、自らを君子の朋党と称した。1038年に李元昊が西夏をたてると、轉運使として陝西をその侵攻から防ぎ辺境を守ること数年、号令厳明にして士卒を愛し、羌人は仲淹が龍圖閣直学士であることから「龍圖老子」と呼び、夏人は戒め合ってあえて国境を侵すことなく「小范老子、胸中自ずから数万甲兵あり」と恐れはばかった。そうした功績により諫官をしていた欧陽脩が推薦し枢密副使・参知政事となった。仲淹は富弼とともに上奏して、1.黜捗を明らかにし、2.僥倖を抑え、3.貢挙を精密にし、4.長官を厳選し、5.公田を均一にし、6.農桑を厚くし、7.武備を修め、8.恩信を推し、9.命令を重んじ、10.徭役を減ずる、などの十策を献じ施政の改革を図ったが、当時はすでに朋党の争いが弊害をあらわしており彼の案も悦ばれず、河東陝西宣撫使として出向し戸部侍郎などを歴任した。穎州に赴任する途上で没する。兵部尚書を追贈された。
宋代士風の形成者の一人で、六経・易に通じ常に感激して天下を論じ一身を顧みなかったという。散文に優れ『岳陽楼記』中の「天下を以て己が任となし、天下の憂いに先んじて憂え、天下の楽しみにおくれて楽しむ（先憂後楽、後楽園の由来）」は特に名高い。著書に『范文正公詩余』『范文正公集』24巻がある。",北宋政治家、文学家。字希文。倡导“先天下之忧而忧，后天下之乐而乐”。其诗格调豪健。
民歌,みんか,míng gē,北朝,民間で流行っていた詩,民歌是各族人民在生活劳动中集体创作的诗歌，语言直白生动，充满了生活气息和民族特色。
孟郊,もうこう,mèng jīao,唐,"孟郊（もうこう、751年 - 814年）は中国・唐代の詩人。字は東野、諡は貞曜先生という。
湖州武康（浙江省）の出身。狷介不羈で人嫌いのために、若い頃は河南省嵩山に隠れた。798年、50歳の時に三度目で進士に及第し、江蘇省溧陽の尉となった。一生不遇で、憲宗の時代に没する。
詩は困窮・怨恨・憂愁を主題としたものが多く、表現は奇異。韓愈とならんで「韓孟」と称せられる。蘇軾は賈島とならべて「郊寒島痩」、つまり孟郊は殺風景で賈島は貧弱と評す。韓愈が推奨するところの詩人であり、「送孟東野序」が知られている。『孟東野集』10巻がある。",唐代诗人。字东野。其诗多描写底层人民的困苦，风格清寒，与贾岛并称“郊寒岛瘦”。
孟浩然,もうこうねん,mèng hào rán,唐,"孟浩然（もう こうねん; もう こうぜん、Mèng Hàorán、689年 - 740年）は中国唐代（盛唐）の代表的な詩人。襄州襄陽（現在の湖北省襄陽市）出身。字も浩然。一説には、名は浩だとも言われる。
若い頃から各地を放浪し、義侠の振る舞いで人々と交流した。また後漢の龐徳公や後年の皮日休ゆかりの鹿門山（襄陽市）に隠棲したこともあった。玄宗の世となってから長安に赴き仕官しようとするが、科挙に及第していないのでかなわなかった。しかし、孟浩然を気に入った韓朝宗との約束を、飲み会のためにすっぽかして朝廷への推薦をだめにしたり、いざ玄宗の前に出ても不平不満を詩にして玄宗を怒らせるなど、立身出世には関心が薄かったようにもみえる。
孟浩然の詩は広く知れ渡り、王維・李白・張九齢らと親しく交際した（李白には「黄鶴樓送孟浩然之廣陵」という作品がある）。740年、背中にできものがあって調子の悪かった孟浩然は、訪ねてきた王昌齢を歓待するあまり容態が悪化して亡くなった。
自然を題材にした詩が評価されており、詩のなかに人生の愁いと超俗とを行き来する心情を詠みこんでいる。日本では五言絶句「春暁」が特に有名である。詩の特徴から王維と孟浩然は「王孟」と並称された。『孟浩然集』がある。",唐代著名的山水田园诗人。字浩然。其诗清淡旷远，意境深厚，与王维并称“王孟”。
楊万里,ようばんり,yáng wàn lĭ,南宋,"楊万里（よう・ばんり、1127年 - 1206年）は南宋時代の中国の学者・詩人。字は廷秀。
吉州吉水県（江西省吉水県）の出身。1154年に進士となり、張浚が宰相となった時に臨安府教授に任命され、ついで奉新県の知となり治績をあげた。虞允文・陳俊卿が宰相となった時に国士博士に抜擢され、太常博士・吏部右侍郎・将作少監をへて、漳州・常州の知となり、1174年から東宮講官が欠員となると孝宗が侍講に抜擢した。そこで『東宮勧読禄』を上奏して帝王治国の要諦を説き、宰相・王淮に『淳煕薦士録』という書で提言して朱熹・袁枢など60人を登用させた。1187年に高宗が崩じ、孝宗は3年の喪に服すために徳寿宮に入り、太子に詔して庶務を議事堂に処理させようとしたところ、楊万里はこの措置に反対し上疏して諫めたために孝宗の不興を買い、筠州の知へと左遷された。
光宗即位とともに秘書監となったが、江東転運副使となったときに朝廷が江南に鉄銭を普及させようとしたためにこれに反対して罷免される。寧宗即位の時にふたたび出仕して、宝文閣待制に進んだところで隠退する。韓侂冑が辺境で兵乱を起こしたことを聞き、憂いのあまり絶食して没する。光禄大夫を贈られ、文節と諡された。
楊万里は張浚によって「正心誠意」の学を授けられ、その言葉に深く感じ書斎を誠齋と名づけ、誠齋先生と呼ばれた。その学風は史伝を多く引証し、六経に精しかった。つとに異民族に侵略された北方の回復を望み、君道・国務・治原など30カ条の文を作り「千慮策」として朝廷に献じたこともある。
詩人としても名声が高く、南宋の詩人としては陸游についで伝わる作が多い。陸游が晩年、韓侂冑に妥協したのに対し楊万里は節を曲げず、そのため「詩品の洗練されていることでは陸游がまさるが、人品を問うならば陸游は楊万里に遠くおよばない」と羅大経が論じている。その詩法は江西詩派の流れをくみ黄庭堅風の詩を書いていたが、のちに自らその時期の詩を焼き捨てたという。唐詩を愛好し、観察発想が奇抜であり「才思健抜」と称せられた。宋詩のうちもっとも俗語を多用するという。その詩文はすべて、楊万里の長男が編纂した『誠齋集』133巻に収められている。",南宋诗人。字廷秀，号诚斋。其诗风格清新活泼，被称为“诚斋体”。善于捕捉自然瞬间的意趣。
駱賓王,らくひんおう,lùo bīn wáng,唐,"駱賓 王（らくひん おう，640年? - 684年?）は唐代中国の詩人。「初唐の四傑」の一人。
婺州義烏（浙江省義烏市）の出身。初めから落魄し、好んで博徒と交わり、性格は傲慢・剛直。高宗の末年に長安主簿となり、ついで武后の時に数々の上疏をしたが浙江の臨海丞に左遷される。出世の望みを失い、官職を棄てて去った。684年に李敬業が兵を起こすと、その府属となり敬業のために檄文を起草して武后を誹謗、その罪を天下に伝えた。武后はその檄を手に入れて読ませ「蛾眉敢えて人に譲らず　孤眉偏に能く主を惑わす」のあたりでは笑っていたが「一抔土未乾、六尺孤安在」の句にいたり愕然としてその作者の名を問い、駱賓王であることを知ると「このような才ある者を流落不遇にしたのは宰相の過ちである」と言ったという。敬業の乱が平定された後は、亡命して行方が知れなくなった（一説には誅殺されたとも）。銭塘の霊隠寺に住んでいたという伝説もあり、霊隠寺と題する詩もある。
7歳から良く詩を賦し、成長してからは五言律詩にその妙を得た。ことにその「帝京篇」は古今の絶唱とされる。好んで数字を用いて対句をつくるので「算博士」の俗称がある。武后は駱賓王の文を重んじ、詔してその文章の数百編を集めて郄雲卿に命じ編纂させたのが、『駱丞集』4巻である（『新唐書』『旧唐書』ともに10巻とある）。それに頌・賦・五七言古・五律・排律・絶句・七言絶句・啓・書・叙・雑著の11項目に分かれて、作品が収められている。",唐代诗人，“初唐四杰”之一。字观光。才思敏捷，其《咏鹅》是流传最广的儿童启蒙诗之一。
李嶠,りきょう,lĭ qíao,唐,李嶠（644～713）唐代の詩人。字名は巨山。現在の河北省の人で鬼才の人。二十歳に10位以内の成績で科挙に合格している。監察御史を歴任。厳二州僚族が決起した時に、自ら危険を顧みずに僚洞に入り投降を勧め、戦になる前に解決した功績がある。彼が残した詩吟は120首あるが、唐玄宗が安史の乱の為、長安を離れる前に楼閣で吟じた詩は聞く人々に強烈な共鳴感を与え、皆が「天才」だと称賛した。,唐代诗人。字巨山。曾任中书令。其诗内容广泛，多咏物之作，风格工整流丽。
陸游,りくゆう,lù yóu,南宋,中国，南宋時代の詩人。字は務観，号は放翁。浙江省紹興の出身。85年の生涯にほぼ1万首の詩をのこし，南宋第一の詩人といわれる。当時中国の北半分を女真族の国家金が占領，地方官をつとめていた父陸宰は官界では少数派の徹底抗戦をとなえる憂国の士で，陸游はその影響下に育った。30歳のとき，科挙の試験で宰相秦檜（しんかい）(金との和睦派のリーダー)の孫と首位を争ったが，秦檜のさしがねで落第のうき目にあう。のち進士の資格は得たが，抗戦派として政界で疎外され，最終官も名誉職に近い秘書監にとどまった。,南宋伟大的爱国诗人。字务观，号放翁。其诗充满爱国激情，语言精练，气势雄放。
李商隠,りしょういん,lĭ shāng yĭn,唐,"李商隠（り しょういん、812年（元和7年） - 858年（大中12年）。ただし、生年は813年の説あり）は、晩唐の官僚政治家で、時代を代表する漢詩人。字は義山、号は玉谿生。また獺祭魚と呼ばれる。懐州河内（現河南省沁陽市）の人。官僚としては不遇だったが、その妖艶で唯美的な詩風は高く評価されて多くの追随者を生み、北宋初期に一大流行を見る西崑体の祖となった。似たような婉約な詩風を特徴とする同時代の温庭筠と共に温李と呼ばれ、また杜牧と共に小李杜とも称される。
李商隠の詩の面目は艶情詩にある。その定型詩、特に『無題』とされる幾つかの、あるいは単に詩句から借りただけの題を付けられた律詩は、晩唐詩の傾向である唯美主義をいっそう追求し、暗示的・象徴的な手法を駆使して、朦朧とした幻想的かつ官能的な独特の世界を構築している。そのテーマは破局に終わった道ならぬ恋愛の回想であり、甘美な夢のごとき青春の記憶の叙述である。当然、内容ははなはだ哀愁を帯びるが、典雅な詩句や対句、典故で飾られ、耽美の域に達している。美しく悲しいごく私的な記憶や感慨を詩によって昇華させる、それが李商隠の詩風であった。",晚唐著名诗人。字义山，号玉溪生。其诗构思奇丽，语言优美，多用典故，意境朦胧深邃。
李紳,りしん,lĭ shēn,唐,李紳（772～846）漢族、現在の安徽省出身の詩人。父は烏程、晋陵（現在の常州）等の県令を務めた事があるが、李紳が幼少の頃に亡くなり、以後母の手で育てられる。15歳頃に恵山で勉学に励むが、農民が衣食足りずに労働に励んでいるのを目の当たりにし、同情と憤怒の心情を書き記した「憫衣」詩2首、「四海無閑田、農夫憂餓死」と「誰知盆中餐、粒粒皆辛苦」の名句があり、憫衣の詩人と称えられている。804年に再度都に赴き、試験を受けるも落第。その後、金陵に赴き節度使へと入るも謀反をたくらんだため投獄されるが、それから40年以上も官僚としての生涯を送り、数々の詩を世に残している。,唐代诗人。字公垂。新乐府运动的参与者。其《悯农》两首妇孺皆知，表达了对农民的同情。
李清照,りせいしょう,lĭ qīng zhào,北宗,"李清照（りせいしょう、1084年 - 1153年）[1]は、北宋末期・南宋初期の詩人。斉州章丘（現在の山東省済南市の県級市章丘市）の人。夫は政治家の趙明誠。中国史上を代表する女流詞人として知られている。
18歳の時、当時太学の生徒であった3歳年上の夫と知り合って結婚する。本や古器物をこよなく愛した二人は衣類を質に入れては気に入った本などを購入したと言われるほどの蔵書家であった。後に清照は夫の『金石録』編纂を手伝う事になる。
ところが、母の葬儀のために夫婦揃って帰郷の途中、靖康の変が発生して夫の任地も金軍の攻撃を受けて蔵十数個に分散されていた蔵書類は悉く焼かれてしまう。更に1129年に臨安の宮廷に召されていた夫が48歳で急死、清照とともに残された車十数台分の蔵書の残りも金軍の兵火と流民の略奪によって悉く失われた。更に再婚した夫に虐待された末に離別して流浪の生涯を送る中で優れた詞を多く生み出したと言う。",南宋女词人，婉约派代表。号易安居士。其词风格清丽、感人至深，被誉为“千秋才女”。
李白,りはく,lĭ bái,唐,"李 白（り はく、701年（長安元年） - 762年10月22日（宝応元年9月30日））は、中国盛唐の詩人。字は太白（たいはく）。号は青蓮居士[1]。唐代のみならず中国詩歌史上において、同時代の杜甫とともに最高の存在とされる。奔放で変幻自在な詩風から、後世「詩仙」と称される。
李白の出自および出身地には諸説あり、詳細は不明である。『旧唐書』本伝の記述では山東の出身とするが、清の王琦などをはじめ、通説はこれを誤りとする。
現在の中国における通説では、李白は西域に移住した漢民族の家に生まれ、幼少の頃、裕福な商人であった父について、西域から蜀の綿州昌隆県青蓮郷（現在の四川省江油市青蓮鎮）に移住したと推測する。
5歳頃から20年ほどの青少年期、蜀の青蓮郷を中心に活動した。伝記や自身が書いた文章などによると、この間、読書に励むとともに、剣術を好み、任侠の徒と交際したとある。
725年（開元13年）、25歳の頃、李白は蜀の地を離れ、以後10数年の間、長江中下流域を中心に、洛陽・太原・山東などの中国各地を放浪する。
李白の詩は、漢魏六朝以来の中国詩歌の世界を集大成したものとされる。「蜀道難」「将進酒」「廬山の瀑布を望む」「横江詞」などに見るダイナミックでスケールの大きい豪放さ、「玉階怨」「静夜思」の清澄で繊細な世界、「山中にて俗人に答ふ」「月下独酌」「山中にて幽人と対酌す」などに見える飄逸で超俗的な雰囲気など、詩の内容は多彩で変化に富んでいるが、総じて変幻自在で鮮烈な印象をもたらす点が特徴的である。得意とする詩型は、絶句と雑言古詩であり、とりわけ七言絶句にすぐれる。
",唐代伟大的浪漫主义诗人，誉为“诗仙”。其诗风豪放飘逸，想象极其丰富，语言清新自然。他一生傲岸不羁，热爱祖国山河，游踪遍及大江南北。他的诗歌带有强烈的主观色彩，多描写饮酒、游历、友谊与对仙界的向往，是盛唐气象的典型代表。代表作有《将进酒》《蜀道难》《静夜思》等。
劉禹錫,りゅううしゃく,líu yŭ xĭ,唐,"劉禹錫（りゅう うしゃく、772年 - 842年）は中国の唐代（中唐）期の詩人、政治家。字は夢得（ぼうとく）。自身は中山（河北省定県）出身と称したが、彭城（江蘇省徐州市）出身とも伝えられる。詩豪と呼ばれた。
代々儒学者として名があった家に生まれた。793年（貞元9年）進士に及第した。淮南節度使であった杜佑の配下で書記を務めた。その後、中央政界で同じ年に進士となった柳宗元とともに王叔文の党派に連なり、徳宗末期の貞元年間から順宗期を経て政治改革を推進した（永貞の革新）
815年（元和10年）、ようやく都長安に召還されたが、玄都観（道教の施設）で詠んだ詩が政府の主流派を揶揄する内容だったためその怒りにふれ、連州刺史に逆戻りとなった。劉禹錫は、狭量な性格ゆえにその地位が安定しなかった。その後も太子賓客となったり刺史となったりを繰り返した。
晩年は白居易と親交が深まり、元稹亡き後も詩を唱和し、その神妙さを讃えられた。最終的には検校礼部尚書・太子賓客で生涯を終えた。
左遷を経験したことから、楽府体の寓言詩で諷喩色の強い詩を詠んだ。例えば、蚊を小さい存在ながらも夏にはうるさく飛び回っては人を傷つけるさまを中央政界にいる佞臣に喩えた。いずれ冬が来れば蚊が絶えるように佞臣達も時の利を失って凋落するであろうとの意味を込めている。
また、各地で歌われていた歌曲に新たな歌辞をつくった。虁州（重慶市奉節県）刺史として赴任中には、この地の歌謡であった竹枝をもとにして「竹枝詞」を多く作ったことは有名である。",唐代诗人、哲学家。字梦得，称“诗豪”。其诗雄浑爽朗，多结合民歌特色，极富感染力。
柳宗元,りゅうそうげん,lĭu zōng yúan,唐,"柳宗元（りゅうそうげん、Liú Zōngyuán；大暦8年（773年） - 元和14年（819年））は、中国中唐の文学者・政治家。字は子厚（しこう）。本籍地の河東（山西省）から、「柳河東」「河東先生」と呼ばれる。また、その最後の任地にちなみ「柳柳州」と呼ばれることもある。王維や孟浩然らとともに自然詩人として名を馳せた。散文の分野では、韓愈とともに宋代に連なる古文復興運動を実践し、唐宋八大家の1人に数えられる。
彼は「王孟韋柳（おうもういりゅう）」と称される自然派の四詩人の一人で、有名な詩として「南澗（なんかん）中に題す」「漁翁」「江雪」などがある。文章家としては、韓愈とともに、形式にとらわれぬ古文運動を提唱し、六朝（りくちょう）以来、数百年にわたって文章は駢文（べんぶん）（四言・六言の対句づくりの文）と決まっていた流れを一変した。文に、南方の山水の美を写した『永州八記』、政治を風刺した「蛇を捕うる者の説」「種樹郭駝（しゅじゅかくたくだ）伝」、歴史的政治論の「封建論」、無神論的な「非国語」などがある。",唐代文学家、哲学家，“唐宋八大家”之一。字子厚。其山水游记刻画入微，富有诗情画意。
劉長卿,りゅうちょうけい,líu zhāng qīng,唐,河間（河北省）の出身。玄宗皇帝の天宝年間（742年 - 756年）の前後に生存したと思われる。733年に進士となる。756年に監察御史となり、ついで転運使判官になった。この後、讒言する者があり姑蘇の獄につながれたが、許されて睦州（浙江省）の司馬として左遷され、随州（河北省）の刺史で終わった。性剛直で権勢家に逆らうことが多かったという。詩文に長じ、権徳輿に「五言の長城」と称せられた。龍門八詠は古詩の傑作とされ、『唐詩選』には平蕃曲などを収める。劉長卿集10巻がある。,唐代诗人。字文房。其诗多抒发怀才不遇的情绪，五言律诗造诣极高，自称“五言长城”。
林升,りんしょう,lín shēng,南宋,林升（生没年月日不詳）、字は雲友、又は夢屏。南宋温州平陽（現在の浙江省）出身。詳しい生涯については分かっていないが、詩文に長けた人であった。主な作品に「水心集」、「与平陽林升卿謀葬父序」がある。,南宋诗人。字云友，一作云复。生平不详。其《题临安邸》讽刺了南宋统治者的偏安与腐朽。
羅隠,ろいん,lúo yĭn,唐,羅隠：五代の詩人。833年～910年。字は昭諫。本名は横。江東生と自号する。新城、（現在の浙江省富陽市新登鎮）出身。子供の頃より学業に優れ、特に彼の詩と文章は他を抜きんでいたため、他の同族二名と合わせ、「三羅」と称されていた。晩年、呉越王銭鏐に仕えて、銭塘県令などを任じた。後梁の朱全忠に諫議大夫として召されるが行かず。『舊唐書・列傳・羅弘信・子威』「錢塘人羅隱者，有當世詩名，自號江東生。」或いは「江東人羅隱者，佐錢鏐軍幕」（『舊五代史・梁書』）ともする。享年77歳であった。,晚唐诗人。字昭谏。其诗多讽刺社会黑暗，情感激愤，名句“采得百花成蜜后，为谁辛苦为谁甜”流传甚广。
盧綸,ろりん,lú lún,唐,"盧綸（ろ りん、約737～799年頃）は、中国・唐の詩人。河中蒲県（山西省永済県）の人。字は允言（いんげん）。孫は盧弼（盧汝弼）。
安禄山の乱を避けて鄱陽（江西省波陽）に移住し、大暦初年（767年頃）には都へ出て科挙を受験したが、何度も落第した。しかし宰相の元戴に才能を認められて、閿郷（河南省）の尉から検校戸部郎中・監察御史となり、病気のため辞職して家へ帰った。その後、河中府（山西省永済）を治めていた渾（こん）かん（王＋咸）に招かれて幕下に入り、さらに徳宗から都へ召されたが、出発する前に死んだ。大暦十才子の一人。
今、『盧戸部詩集』十巻が残っている。",唐代诗人，“大历十才子”之一。字允言。其边塞诗雄健豪放，描写军旅生活生动逼真。
曹操,そうそう,cáo cāo,三国時代,三国時代の英雄。建安文学の代表。,东汉末年杰出的政治家、军事家、文学家。三国中曹魏的奠基人。他的诗歌气魄雄伟，慷慨悲凉，多抒发统一天下的抱负和对战乱的感慨，是建安文学的代表。代表作《观沧海》《短歌行》。
陶淵明,とうえんめい,táo yuān míng,東晋,隠遁詩人の代表。田園詩の祖。,东晋至南朝宋时期的伟大诗人、辞赋家。被称为“隐逸诗人之宗”、“田园诗派之鼻祖”。他厌恶官场腐败，辞官归隐。其诗文语言质朴自然，意境恬淡深远，表现了对自由和乡村生活的向往。代表作《饮酒》《桃花源记》。
陳子昂,ちんすごう,chén zǐ áng,唐,初唐の詩人。唐詩復興の先駆者。,初唐著名诗人。他提倡汉魏风骨，反对六朝靡丽之风，是唐诗革新的先驱。其诗风骨峥嵘，气魄奇伟，充满慷慨悲壮的时代气息。代表作《登幽州台歌》。
張九齢,ちょうきゅうれい,zhāng jiǔ líng,唐,盛唐の政治家、詩人。,盛唐著名政治家、文学家。曾任宰相。他的诗歌清淡高雅，风格刚健，以五言古诗见长，抒写了高洁的政治理想和闲适的生活情趣。代表作《望月怀远》。
崔顥,さいこう,cuī hào,唐,盛唐の詩人。「黄鶴楼」で名高い。,盛唐著名诗人。早期诗风绮丽，后多写边塞风光与游侠生活，风格雄浑奔放。他的七律《黄鹤楼》被誉为唐人七律的压卷之作，连李白也为之叹服。
岑参,しんじん,cén shēn,唐,盛唐の辺塞詩人の代表。,盛唐著名边塞诗人，与高适并称“高岑”。他曾两次出塞，对边塞的风光、军旅生活和少数民族风情有深刻体验。其诗气势磅礴，色彩瑰丽，想象丰富奇特。代表作《白雪歌送武判官归京》。
韓愈,かんゆ,hán yù,唐,唐宋八大家の筆頭。古文復興の立役者。,中唐杰出的文学家、思想家，古文运动的领袖，“唐宋八大家”之首。他的诗风奇崛险怪，力求新意，散文气势雄浑，说理透彻，对后世影响极其深远。
李賀,りが,lǐ hè,唐,中唐の詩人。幻想的な詩風で「詩鬼」と呼ばれる。,中唐著名浪漫主义诗人，世称“诗鬼”。他的诗歌想象极为丰富奇特，多用神话传说，辞藻瑰丽华美，色彩浓烈，带有强烈的幻灭感和悲剧色彩。代表作《雁门太守行》《李凭箜篌引》。
李煜,りいく,lǐ yù,五代,南唐の最後の君主（後主）。詞の天才。,五代十国时南唐最后一位国君，世称南唐后主。他虽是不称职的君王，却是词史上的千古巨星。亡国后的词作抒发了深沉的故国之思和亡国之痛，境界开阔，语言纯净，被称为“千古词帝”。代表作《虞美人》《相见欢》。
晏殊,あんしゅ,yàn shū,北宋,北宋初期の詞人。婉約派。,北宋前期著名的政治家、词人。他的词风承袭南唐，语言清丽洗练，音韵和谐，多抒写闲情逸致与伤春悲秋之感，带有一种富贵雍容的气度。代表作《浣溪沙》。
欧陽脩,おうようしゅう,ōu yáng xiū,北宋,北宋の文壇の重鎮。唐宋八大家の一人。,北宋著名的政治家、文学家、史学家，“唐宋八大家”之一。他是北宋诗文革新运动的领袖。他的散文平易自然，词风婉约清丽，诗歌则风格多样。代表作《醉翁亭记》《蝶恋花》。
文天祥,ぶんてんしょう,wén tiān xiáng,南宋,南宋末期の忠臣。愛国詩人。,南宋末年杰出的民族英雄、爱国诗人。在国家危难之际挺身而出，兵败被俘后誓死不屈，慷慨就义。他的诗文充满了浩然正气和强烈的爱国情怀，感人肺腑。代表作《过零丁洋》《正气歌》。
馬致遠,ばちえん,mǎ zhì yuǎn,元,元曲の四大家の一人。,元代著名的戏曲家、散曲家，与关汉卿等人并称“元曲四大家”。他的散曲以凄凉悲怆的秋思见长，意境深远，语言精炼脱俗，被誉为“秋思之祖”。代表作《天净沙·秋思》。
佚名,いつめい,yì míng,古代,作者不明の作品。,指作者姓名未流传下来的古代优秀诗歌，如《古诗十九首》等，它们多为汉代文人或民间创作，是中国古典诗歌的瑰宝。
王湾,おうわん,wáng wān,唐,唐代の詩人。,唐代诗人。他的五言律诗造诣较高，名句“海日生残夜，江春入旧年”不仅描绘了壮丽的江景，更蕴含着新旧交替的自然理趣。
張若虚,ちょうじゃくきょ,zhāng ruò xū,唐,初唐の詩人。「春江花月夜」で名高い。,初唐诗人。与贺知章等人并称“吴中四士”。他留存下来的诗作极少，但仅凭一首《春江花月夜》便“孤篇压全唐”，奠定了他在唐诗史上的不朽地位。
柳永,りゅうえい,liǔ yǒng,北宋,北宋の詞人。婉約派の代表。,北宋著名词人，婉约派代表人物。他精通音律，大量创作慢词，其词多描绘城市风光和市井风情，语言通俗，在当时有“凡有井水饮处，皆能歌柳词”之说。
岳飛,がくひ,yuè fēi,南宋,南宋の抗金名将、民族の英雄。,南宋抗金名将、杰出的民族英雄和爱国词人。他一生精忠报国，其词作《满江红》慷慨激昂，气壮山河，表现了极其强烈的爱国情怀与收复失地的决心。
秦観,しんかん,qín guān,北宋,北宋の詞人。蘇門四学士の一人。,北宋婉约派词人，“苏门四学士”之一。其词辞情隽美，意境凄迷，多写男女情爱与身世悲凉，被尊为婉约派的一代词宗。
納蘭性徳,ならんせいとく,nà lán xìng dé,清,清代の満州族の詞人。,清代著名满族词人。他的词以“真”取胜，清丽婉约，哀感顽艳，多抒发真挚的爱情与满腔的幽怨，有“清代第一词人”之誉。
唐寅,とういん,táng yín,明,明代の画家、文学者。江南の四大才子。,明代著名画家、文学家，号伯虎。江南四大才子之一。他才华横溢，为人狂放不羁，其诗多抒发对世态炎凉的感慨及隐逸闲适的追求。
屈原,くつげん,qū yuán,戦国時代,楚の政治家、詩人。楚辞の代表的作家。,战国时期楚国著名的政治家、伟大的爱国主义诗人。中国浪漫主义文学的奠基人，“楚辞”的创立者。他深爱自己的祖国，因屡遭排挤流放，最终在楚国都城被攻破后，投汨罗江殉国。代表作《离骚》《天问》。
王績,おうせき,wáng jì,唐,初唐の詩人。自然を愛した隠遁者。,初唐诗人。性格简傲，嗜酒如命，曾三仕三隐。他的诗风清新自然，洗去了齐梁时期的浮华绮丽，为唐诗的健康发展开辟了道路。代表作《野望》。
元稹,げんしん,yuán zhěn,唐,中唐の詩人。白居易の親友（元白）。,中唐著名诗人，与白居易同为新乐府运动的倡导者，世称“元白”。他的诗辞浅意哀，极为动人，特别是悼亡诗写得缠绵悱恻，千古传诵。代表作《遣悲怀》《离思》。
王冕,おうべん,wáng miǎn,元,元代末期の画家、詩人。梅の絵で有名。,元朝著名隐士、画家、诗人。他出身贫寒，白天放牛，晚上去寺庙借长明灯读书。他一生爱好梅花，种梅、咏梅、画梅，以梅花的高洁自喻。代表作《墨梅》。
晏幾道,あんきどう,yàn jǐ dào,北宋,北宋の詞人。晏殊の七男。,北宋著名词人，宰相晏殊的第七子，世称“小晏”。他一生痴情孤傲，晚年家道中落。其词风婉约，多写离愁别绪与追忆往事，语言极其精美凄婉。
