タイトル,作者名,時代,漢詩本文,和訳,解説
長歌行,楽府,前漢,"青青園中葵
朝露待日晞
陽春布德澤
萬物生光輝
常恐秋節至
焜黄華葉衰
百川東到海
何時復西歸
少壯不努力
老大徒傷悲","青々とした庭園の中の冬葵は
朝露の中、太陽が昇ってくるのを待つ。
春の太陽、その恩沢を得て
あらゆる物が輝きを発している。
ただ、常に秋の季節の到来を恐れ、
黄色く輝きながら葉は散ってゆく。
全ての川は東の海へ流れて行くが、
何時再び西へ戻って来るのだろうか。
若く元気な時に努力をしなければ、
年を取った後に、徒に痛み悲しむ事になる。",此诗通过对园中葵、朝露、百川归海的描写，慨叹时光流逝、生命短促，劝诫人们要珍惜青春，及时努力。
七歩詩,曹植,三国時代,"煮豆燃豆萁
豆在釜中泣
本是同根生
相煎何太急","豆を煮るのにその豆殻を燃やすが、
豆は釜の中で泣いている。
本来は同じ根から生長した兄弟なのに、
双方煮る事をどうしてそんなに急くのか。",此诗用豆和豆箕比喻同胞兄弟，通过诉说豆在釜中受煎熬的痛苦，表达了作者对曹丕加害自己的强烈抗议。
敕勒歌,民歌,北朝,"敕勒川、陰山下。
天似穹廬、籠蓋四野。
天蒼蒼、野茫茫、
風吹草低見牛羊。","敕勒の川は陰山の下を流れている。
天は穹廬（きゅうろ）に似て、四野を滔々と流れている。
天は青々として、野は草花で満ち満ちて、
風が吹き草が低くなびく隙間に間に牛や羊が見えている。",歌咏了北国草原壮丽富饶的风光，展现了敕勒族人豪放的性格，意境雄浑，被誉为“千古绝唱”。
咏鵝,駱賓王,唐,"鵝鵝鵝
曲項向天歌
白毛浮綠水
紅掌撥淸波","ガチョウよ、首を天空に向けて歌を歌う
雪のような白い羽毛を緑の水面に浮かせて
赤い足を軽々と漕いで透明な水面を波立たせる",这是骆宾王七岁时创作的诗，通过色彩鲜明的描写，生动地表现了白鹅在水中浮游时欢快、可爱的神情。
回郷偶書,賀知章,唐,"少小離家老大回
郷音無改鬢毛摧
児童相見不相識
笑問客従何処来","若い頃に家を出て、歳を経て戻って来た
時間は経って、自分のお国なまりはなくならなかったが、髪はすっかり衰え
子供達と顔を合わせても、お互いに誰なのか知らない
にこっと笑ってお客さんは何処から来たの？と私に訊ねる",描写作者老年回到阔别已久的家乡时的感慨，以“儿童相见不相识”的细节，写出了人事沧桑之感。
咏柳,賀知章,唐,"碧玉妆成一树高
万条垂下绿丝绦
不知细叶谁裁出
二月春风似剪刀","碧玉の装飾のような高い柳の木
たくさんの絹で織られたようにしなやかな緑の柳の枝が垂れ下がっている
一体誰がこの細く繊細な柳の葉を剪定したのだろうか？
きっと二月早春の器用なハサミのような風の仕業なのだろう",通过赞美柳树，表达了作者对盎然春意的喜爱之情。巧妙地运用了比喻，将春风比作剪刀，富有新意。
凉州詞(1),王之渙,清,"黄河远上白云间，一片孤城万仞山
羌笛何须怨杨柳，春风不度玉门关","ずっと西の方から流れる黄河はまるで白雲の間から流れてくるようだ
その辺りに聳える山に孤城がぽつんと立っている
羌族の吹く笛の音が別離の際に吹く『折楊柳』を奏でているが、ここ、玉門関には春風が届かないので
柳の葉が芽吹かず枝を折る事さえ出来ないのだが、それを責める必要はどこにもないだろう",描写了戍边将士的艰苦生活，表达了他们对家乡的深切思念。意境雄阔，情感激昂。
登鸛鵲楼,王之渙,清,"白日依山尽
黄河入海流
欲穷千里目
更上一层楼","夕陽が西の山に依って尽きようとし
黄河は東の海へ滔滔と流れ込んでいる
遥か彼方の風景を見たいと欲し
更に一階上へと上がって行った",全诗意境雄阔，气势磅礴。通过登高远眺，表达了只有站得高才能看得远的人生哲理。
春暁,孟浩然,唐,"春眠不覚暁
処処聞啼鳥
夜来風雨声
花落知多少","春の眠りは心地がよく、知らずの内に夜が明けた
どこからも鳥のさえずりが聞こえて来る
そういえば夜は雨交じりの風の音が聞こえていたけれど
どれほどの花が散ってしまったのかは知りようもない",诗人通过对春天早晨景象的描写，表现了诗人对自然、对生活的热爱。意境优美，平淡中见真淳。
宿建徳江,孟浩然,唐,"移舟泊烟渚
日暮客愁新
野曠天低樹
江清月近人","舟を川霧の立ち込める渚（水際）に停めて宿とする
日が暮れる様を見ていると旅の愁いが改めて胸に迫る
野は広々として、天は木々に触れるばかりに低くなり
川の水は清らかで、月をより人に親しみを感じさせてくれる",描写了在建德江边停泊时的秋江景色，抒发了诗人的思乡之情。全诗情景交融，含蓄深婉。
凉州詞(2),王翰,元,"葡萄美酒夜光杯
欲飲琵琶馬上催
酔臥沙場君莫笑
古来征戦幾人回","葡萄の美酒を、夜光杯に注ぐ
飲もうとすると馬上から琵琶が急き立てるように鳴り響く
酔いつぶれて砂漠に横たわったからといって笑ってくれるな
昔から戦争に行ってどれだけの人が生きて帰って来れたと言うのか",描写了边塞将士视死如归的豪迈之情。虽然环境艰苦，但全诗格调昂扬，毫无颓废之感。
从軍行,王昌齢,唐,"青海长云暗雪山
孤城遥望玉门关
黄沙百战穿金甲
不破楼兰终不还","青海湖の上空にある雲が雪山を暗く遮っている
孤城に立ち遥か遠方にある玉門関を眺めれればいいのだが
砂漠の荒野にて幾多の戦闘を戦い着用している鎧兜は綻びてはいるが
楼蘭を打ち滅ぼすまでは決して帰る事はない",表现了边塞将士誓死报国的壮志豪情。
竹里館,王維,宗,"独坐幽篁里
弹琴复长啸
深林人不知
明月来相照","一人静寂に包まれた奥深く薄暗い竹薮の中に座り
琴を引いたり口笛を吹いたりする
深い竹林の中はひっそりとし、知る者は誰もいない
唯何時までも私を照らしている月だけが私の事を知っている",描写诗人在竹林中独自弹琴长啸的情景，表现了一种恬淡自在、不随俗浮沉的隐逸生活。
別董大,高適,唐,"千里黄雲白日曛
北風吹雁雪紛紛
莫愁前路無知己
天下誰人不識君","見渡す限り重苦しい黄塵が立ち込め、太陽の光さえも薄暗く
北風は空ゆく雁の群れを南へと吹き送り、雪までこんこんと降りしきる
これからの旅路で故知がいない事を心配する必要は全くない
天下に君の名を知らない人は誰一人いないのだから",这是一首著名的送别诗。诗人以豪迈的语气安慰友人，表现出对他才华的高度肯定。
古朗月行,李白,唐,"小時不識月、呼作白玉盤
又疑瑤台鏡、飛在青云端
仙人垂兩足、桂樹何團團
白兔搗藥成、問言與誰餐

蟾蜍蝕圓影、大明夜已殘
羿昔落九烏、天人清且安
陰精此淪惑、去去不足觀
憂來其如何、淒愴摧心肝","小さい時分、月の事を何であるかまるで知らず、白い玉のお盆と呼んでいた
そして又楼台に住む仙女の使う鏡が空を飛んで青い雲の端にひっかかってるのかと思っていた
仙人が両足を垂らしているようにも見えたし桂の樹木が何と奥の奥までこんもり茂っている様にも見えた
白うさぎは仙薬を搗いて作り上げてるが、「いったいだれに食べさすの？」尋ねたものだ

だが、月の中に住むヒキガエルが月のまるい影を食べ、月明かりが眩しい夜に、欠けている部分が残っているのをはっきり見る事が出来る
大昔弓の名手の後羿が九羽のカラスを射落す事によって、天は清らかに、人びとは安らかになった
月は既に沈んで人を惑わせる事もなく、見る価値も無いからとっととここから去るべきである
心には憂慮と不安が巣食っているのに一体どこへ行けるのだろうか。悲惨な悲しみが私を苦しめるだけだ
（国の先行き等を憂えている唐詩だけど、あえて直訳的にしています）",通过儿童的视角描写月亮，想象奇特，充满了浪漫色彩。
独座敬亭山,李白,唐,"衆鳥高飛盡
孤雲獨去閒
相看兩不厭
只有敬亭山","群れなす鳥達は空高く飛んで行ってしまった。
唯一つ浮かんでいた離れ雲も流れ去り、空には何一つない青空が広がっている。
何時までも互いに眺めあって変わらず飽きが来ないのは、
唯一つ、敬亭山だけである。",诗人通过对敬亭山的描写，表达了自己孤独的心境以及与大自然心意相通的慰藉。
黄鶴楼送孟浩然之広陵,李白,唐,"故人西辞黄鶴楼
烟花三月下揚州
孤帆遠影碧空尽
唯見長江天際流","友人は黄鶴楼に別れを告げ西方に去って行く。
霞み立ち花咲く三月、揚州に向かって長江を下って行く。
唯一つ見える舟の帆が紺碧の空の下、だんだん遠ざかり消え失せた。
後にはただ長江が遥か空の下、水平線の彼方へと流れて行くのみ。",全诗意境开阔，色彩明丽。通过描写送别友人时的壮美景象，表达了诗人对朋友的深厚情谊。
秋浦歌,李白,唐,"白髪三千丈
縁愁似箇長
不知明鏡裏
何処得秋霜","私の白髪は三千丈程もあるだろうか。
長い間の憂いが原因でこんなにも伸びたのかも知れない。
鏡に映る自身の姿は全く知らない誰かを見るようだ。
どこでこんな、秋の霜のような白髪を得たのだろうか。",诗人运用极度夸张的手法，生动地表现了内心深沉の愁苦。
望天門山,李白,唐,"天門中断楚江開
碧水東流至北廻
両岸青山相対出
孤帆一片日辺来","天門山の中央を断ち切った様に楚江（長江）が開き、
エメラルド色の水が東から北に向きを変えて流れている。
両岸の青い山々は相対して迫っている。
西日の彼方から小さな帆かけ舟が一艘やって来るのが見えた。",描绘了长江天门山的壮丽景色，表现了诗人宽阔的胸怀和对大自然的赞美之情。
絶句,杜甫,唐,"遅日江山麗
春風花草香
泥融飛燕子
沙暖睡鴛鴦

江碧鳥逾白
山青花欲然
今春看又過
何日是帰年","春うららかな日は河も山も風光明媚で美しい。
春風が吹いては草花のよい香りが漂う。
泥は溶けて燕が飛び交い、
砂は暖かく、オシドリが安らかに眠っている。

河の水は青々として鳥はますます白く、
山は緑に花は燃えださんばかりに赤い花を咲かせている。
今年の春も見る見るうちに過ぎ去ろうとしている。
一体何時になったら故郷に帰れる日が来るのだろうか・・。",两首绝句通过鲜明的色彩对比和生动的景象描写，表现了成都春天的美景，同时也寄托了诗人浓浓的思乡之情。
贈花卿,杜甫,唐,"錦城絲管日紛紛
半入江風半入雲
此曲祗應天上有
人間能得幾回聞","成都では弦・管楽器の軽やかで抑揚がある音色がどこからも聞こえて来る。
半分は河から吹く風に乗って消え去り、半分は雲の合い間へと消えて行く。
この様な曲楽はただ天上にのみ有るべきもので、
人の世界においてどうして聞く事が出来るだろうか。",借赞美音乐之美，讽刺了僭越礼制的权贵。语带双关，委婉含蓄。
逢雪宿芙蓉山主人,劉長卿,唐,"日暮蒼山遠
天寒白屋貧
柴門聞犬吠
風雪夜帰人","雪に遭い芙蓉山のとある家に宿泊する。
日が暮れて、遠くに青い山が見える。
空は寒々として、今夜の宿は山中の粗末な家。
柴の門から犬の吠える声が聞こえて来る。
夜になって、風雪の中誰かが戻って来たようだ。",描写了旅人在风雪之夜寄宿山家的情景。语言朴素，却传递出山居生活的清冷与宁静。
江雪,柳宗元,唐,"千山鳥飛絶 
万径人蹤滅 
孤舟蓑笠翁 
独釣寒江雪 ","千の山から鳥が飛び去り、万の道から人の足跡が消えた。ぽつんと浮かぶ小舟の上、蓑と笠をかぶった老人が、雪の降る寒々とした川で一人釣り糸を垂れている。

※【一つの仮説としての解釈】
各句の文字を縦に読むと、1文字目は「千万孤独（絶対的な孤独）」、2文字目は「山径舟釣（風景と行動）」、3文字目は「鳥人蓑寒（存在と状態）」、4文字目は「飛踪笠江（動きと背景）」、そして末尾は「絶滅翁雪（無の世界に残された翁と雪）」となります。左遷された作者の極限の孤独を、5×4の完璧なマトリックス構造で隠した暗号だとする、非常に興味深い見方もあります。","全诗只有二十个字，却勾勒出一幅极其清冷、孤傲的雪天垂钓图，寄托了诗人不愿同流合污的志向。

※【引申解读（假说）】
有假说认为此诗不仅是“藏头诗”，更是一个精妙的矩阵：首字竖读“千万孤独”（绝对的心境），二字“山径舟钓”（客观的景与事），三字“鸟人蓑寒”（存在与状态），四字“飞踪笠江”（动态与背景），尾字“绝灭翁雪”（虚无中的残存）。这种解读虽为推测，却极具汉字矩阵之美，极其巧妙地折射出诗人被贬后绝对孤独的心境。"
尋隠者不遇,賈島,唐,"松下問童子
言師採薬去
只在此山中
雲深不知処",松の下で子供に尋ねると、先生は薬草を採りに出かけたと言う。ただこの山の中にいるはずだが、雲が深くどこにいるのか分からない。,通过问答的形式，描写了诗人在山中寻找隐者未果的情景，表现了隐者高洁、超脱的品质。
楓橋夜泊,張継,唐,"月落烏啼霜満天
江楓漁火対愁眠
姑蘇城外寒山寺
夜半鐘声到客船",月は落ちカラスが鳴き、霜の気配が天に満ちている。川沿いの楓と漁火が旅の愁いの中にまどろむ私の目に映る。姑蘇の城外にある寒山寺から、夜半を告げる鐘の音が客船まで届く。,描绘了秋夜水乡的静谧与忧愁，客船中的诗人听着寒山寺的钟声，感受着无尽的旅愁。
漁歌子,張志和,唐,"西塞山前白鷺飛
桃花流水鱖魚肥
青篛笠、緑蓑衣
斜風細雨不須帰",西塞山の前を白鷺が飛び、桃の花が流れる川ではケツ魚が肥えている。青い竹皮の笠に緑の蓑を着て、斜めに吹く風や小雨の中でも帰る必要はない（この景色を楽しもう）。,描绘了江南水乡春汛期间的宁静生活，诗人借此表达了自己远离尘嚣、自得其乐的情怀。
寒食,韓翃,唐,"春城無処不飛花
寒食東風御柳斜
日暮漢宮伝蝋燭
軽煙散入五侯家",春の町中には至る所に花が舞い、寒食節の東風に宮廷の柳がなびいている。日が暮れると宮中から蝋燭の火が伝わり、かすかな煙が権力者たちの家へと散っていく。,通过描写寒食节都城春色和宫廷传烛的情景，含蓄地讽刺了权贵享乐的社会现象。
滁州西澗,韋応物,漢,"独怜幽草澗辺生
上有黄鸝深樹鳴
春潮帯雨晩来急
野渡無人舟自横",ただ谷川のほとりに生えるひっそりとした草が愛おしい。上では深い樹木の中でコウライウグイスが鳴いている。春の潮が雨を伴って夕暮れに急に増し、野の渡し場には人もなく舟だけがひとりでに横たわっている。,描写了滁州西涧幽静宜人的春景。诗中蕴含着诗人恬淡、悠闲的情怀，是一首著名的山水田园诗。
游子吟,孟郊,唐,"慈母手中線
游子身上衣
臨行密密縫
意恐遅遅帰
誰言寸草心
報得三春暉",慈しみ深い母の手にある糸は、旅立つ息子の着る服を縫うためのもの。出発を前に心を込めて細かく縫うのは、帰りが遅くなるのを心配しているからだ。誰が言えようか、小さな草のような子の心が、三春の太陽のような母の大きな恩に報いられるなどと。,歌颂了母爱的伟大与无私。以“寸草心”难以报答“三春晖”作比，感人至深。
竹枝詞,劉禹錫,唐,"楊柳青青江水平
聞郎江上唱歌声
東辺日出西辺雨
道是無晴却有晴",柳の緑が青々と茂り、川の水面は静かだ。川の上から貴方の歌う声が聞こえてくる。東では太陽が昇り、西では雨が降っている。「晴」ではないと言うけれど、やはり「情（晴と同じ音）」があるのですね。,这是一首具有民歌风格的抒情诗。诗人巧妙地利用“晴”与“情”同音的特点，表达了少女对恋人情感的猜测与欣喜。
烏衣巷,劉禹錫,唐,"朱雀橋辺野草花
烏衣巷口夕陽斜
旧時王謝堂前燕
飛入尋常百姓家",朱雀橋のたもとには野草の花が咲き、烏衣巷の入り口には夕陽が斜めに差し込んでいる。かつて名門・王家や謝家の屋敷に住んでいた燕が、今は普通の民家へと飛んで入っていく。,通过描写乌衣巷今昔对比，感叹沧海桑田、盛衰无常，含蓄地表达了对历史变迁的深沉感慨。
望洞庭,劉禹錫,唐,"湖光秋月両相和
潭面無風鏡未磨
遥望洞庭山水翠
白銀盤裏一青螺",湖の光と秋の月が互いに調和し合い、風のない水面はまだ磨かれていない鏡のようだ。はるかに洞庭湖の山水の緑を眺めれば、まるで白銀の皿の中にある一つの小さな青い巻貝のようだ。,诗人运用新颖的比喻，生动地描绘了洞庭湖的秋月景色，意境优美、格调清新。
浪淘沙,劉禹錫,唐,"九曲黄河万里沙
浪淘風簸自天涯
如今直上銀河去
同到牽牛織女家",九たび折れ曲がる黄河は万里の彼方から砂を運び、波に洗われ風に揺られて天の果てからやってくる。今こそこのまま銀河まで遡って行き、牽牛と織女の家まで一緒に行こうではないか。,描写了黄河波涛滚滚、淘尽泥沙的壮阔景象。诗人气势豪迈，表达了对自然伟力的赞美。
憶江南,白居易,唐,"江南好
風景旧曾諳
日出江花紅勝火
春来江水緑如藍
能不憶江南",江南は素晴らしい。その風景はかつて親しんだものだ。日が昇れば川辺の花は火よりも赤く輝き、春が来れば川の水は藍のように緑色をしている。どうして江南を思い出さずにいられようか。,白居易以洗练的语言，深情地回忆了他在苏杭任职期间对江南美景的深刻印象，表达了对第二故乡的深切怀念。
憫農(1),李紳,唐,"鋤禾日当午
汗滴禾下土
誰知盤中餐
粒粒皆辛苦",正午の太陽の下で苗を耕し、汗は苗の下の土に滴り落ちる。誰が知っていようか、皿の上のご飯の一粒一粒が、すべて農民の苦労の結晶であることを。,描写了农民在烈日下劳作的艰辛，劝诫人们要珍惜粮食，懂得粒粒皆辛苦的道理。
憫農(2),李紳,唐,"春種一粒粟
秋收万顆子
四海無閑田
農夫猶餓死",春に一粒の種をまき、秋には万の粒を収穫する。世の中に耕されていない田などないのに、それでも農民は飢えて死んでいくのだ。,揭露了社会不公的现象，农民辛勤劳作却依然挨饿，表达了诗人对底层人民的深切同情。
山行,杜牧,唐,"遠上寒山石径斜
白雲生処有人家
停車坐愛楓林晩
霜葉紅於二月花",遠く秋の山へ登って行くと、石の小道が斜めに続いている。白雲が湧き起こる辺りにも人の家がある。車を止めて、夕暮れの楓の林をうっとりと眺める。霜に打たれた紅葉は、二月に咲く花よりも赤い。,描写了深秋时节山间的景色。通过对红叶的赞美，表现了诗人积极向上、不畏严寒的情操。
清明,杜牧,唐,"清明時節雨紛紛
路上行人欲断魂
借問酒家何処有
牧童遥指杏花村",清明の季節、雨がしとしとと降り続く。道を行く旅人は皆、悲しみに心を打ち砕かれそうだ。ちょっと尋ねるが、酒屋はどこにあるだろうか。牧童ははるか向こうの、杏の花が咲く村を指さした。,描写了清明时节细雨纷纷、游子思乡的情景。全诗意境凄美，语言清新自然。
江南春,杜牧,唐,"千里鶯啼緑映紅
水村山郭酒旗風
南朝四百八十寺
多少楼台煙雨中",千里の遠くまでウグイスが鳴き、新緑に紅の花が映えている。水辺の村や山の里には、酒屋の旗が風になびいている。南朝の時代に建てられた多くの寺院が、今は霧雨の中にどれほどの楼台が見え隠れしていることか。,全诗不仅描写了江南春景的明丽，也通过对寺庙的描写，隐晦地表达了诗人对历史兴替的思考。
楽游原,李商隠,唐,"向晩意不適
駆車登古原
夕陽無限好
只是近黄昏",夕暮れどき、心が晴れないので車を走らせて古い丘（楽遊原）に登った。夕陽は限りなく素晴らしいが、ただ黄昏が近づいているのが惜しまれる。,描写了诗人登高远眺夕阳的情景，既赞美了美景，也流露出时光流逝、美好的事物难以长久的感慨。
商山早行,温庭筠,唐,"晨起動征鐸
客行悲故郷
鶏声茅店月
人跡板橋霜
槲葉落山路
枳花明駅墻
因思杜陵夢
鳧雁満回塘",明け方に起きて馬の鈴を鳴らし出発する。旅を行く身には故郷への思いが悲しく響く。鶏の鳴き声が聞こえる茅葺きの宿に月がかかり、板橋の上には人の足跡が霜の中に残っている。カシの葉が山道に落ち、カラタチの花が駅舎の壁を明るく照らす。ふと故郷・杜陵での夢を思い出すと、そこには鴨や雁が池に満ちていた。,描写了诗人早起赶路的情景，通过对清晨景象的细腻刻画，抒发了浓郁的思乡之情。
元日,王安石,北朝,"爆竹声中一歳除
春風送暖入屠蘇
千門万戸曈曈日
総把新桃換旧符",爆竹の音の中で古い年が去り、暖かい春風が吹き込んで屠蘇酒を酌み交わす。どの家も、昇る朝日に照らされながら、古い桃符を取り外して、新しいものへと掛け替えるのだ。,描写了春节辞旧迎新的热闹景象，以此表达了诗人推行新法、除旧布新的政治抱负。
梅花,王安石,北朝,"墻角数枝梅
凌寒独自開
遥知不是雪
為有暗香来",塀の隅にある数枝の梅。寒さをしのいで独り咲いている。遠くから見てもそれが雪でないと分かるのは、ほのかな香りが漂ってくるからだ。,诗人通过赞美梅花不畏严寒、凌寒独放的品格，寄托了自己清高坚贞、卓尔不群的志向。
六月二十七日望湖楼酔書,蘇軾,北宗,"黒雲翻墨未遮山
白雨跳珠乱入船
巻地風来忽吹散
望湖楼下水如天",黒い雲が墨をぶちまけたように広がったが、まだ山を隠しきれてはいない。白い雨が真珠のように跳ねて舟の中へ乱れ入る。地面を巻くような風が来て、雲を不意に吹き散らすと、望湖楼の下には天のように青々とした水面が広がっている。,生动地描绘了西湖上雷雨忽来忽去的壮观景象，表现了大自然神奇多变的力量和诗人开阔的胸怀。
飲湖上初晴後雨,蘇軾,北宗,"水光瀲灩晴方好
山色空蒙雨亦奇
欲把西湖比西子
淡妝濃抹総相宜",水面がきらきらと輝く晴れた日の景色は素晴らしいが、山々が霧に包まれる雨の景色もまた不思議な魅力がある。西湖を絶世の美女、西施に例えるなら、薄化粧も厚化粧もどちらも実によく似合っている。,诗人将西湖比作西子（西施），认为西湖无论晴天还是雨天都有独特的魅力，构思巧妙。
恵崇春江晩景,蘇軾,北宗,"竹外桃花三両枝
春江水暖鴨先知
蔞蒿満地蘆芽短
正是河豚欲上時",竹林の外に桃の花が二、三枝咲き始めた。春の川の水が温かくなったことを、鴨がいち早く知って泳いでいる。地面にはヨモギが茂り、葦の芽が少し顔を出した。今はまさに河豚が川を遡ってこようとする時期だ。,这是苏轼为惠崇的画作写的题画诗。通过竹、桃花、鸭、蒌蒿、河豚，生动勾勒出早春气息。
示児,陸游,南宋,"死去元知万事空
但悲不見九州同
王師北定中原日
家祭無忘告乃翁",死んでしまえば万事は空になると分かってはいるが、ただ国土の統一を見られないことだけが悲しい。宋の軍隊が北進して中原を平定したその日には、家の法事の時に父に報告するのを忘れるな。,这是陆游的绝笔诗。表达了诗人临终前依然念念不忘收复中原的强烈爱国之情。
秋夜将曉出籬門迎凉有感,陸游,南宋,"三万里河東入海
五千仞嶽上摩天
遺民涙尽胡塵裏
南望王師又一年",三万里を流れる黄河は東へと海に入り、五千仞の高さを誇る華山は天を摩するばかりにそびえている。占領地に取り残された民衆は、異民族の砂塵の中で涙を流し尽くし、宋の軍隊が助けに来るのを南に望んで、また一年が過ぎてしまった。,表达了诗人对沦陷区百姓苦难生活的深切同情，以及收复失地的满腔爱国热忱和对朝廷无能的失望感。
小池,楊万里,南宋,"泉眼無声惜細流
樹陰照水愛晴柔
小荷才露尖尖角
早有蜻蜓立上頭",泉の出口は声を惜しむかのように細い流れを出し、木の陰が水面に映って晴れた日の柔らかな光を愛でている。小さな蓮の葉がようやく尖った角を出したばかりなのに、早くも一匹の赤とんぼがその先に止まっている。,描写了初夏小池的幽静与生机。诗人善于捕捉自然界细微的瞬间，极富情趣。
曉出凈慈寺送林子方,楊万里,南宋,"畢竟西湖六月中
風光不与四時同
接天蓮葉無窮碧
映日荷花別様紅",やはり六月の西湖の景色は、四季の他の時期とは全く異なっている。天に接するかのような蓮の葉はどこまでも青く、太陽に照らされた蓮の花はひときわ赤く輝いている。,描写了杭州西湖六月荷花接天映日的壮观美景，表达了诗人对自然奇観の由衷赞美。
四時田園雑興(1),范成大,南宋,"梅子金黄杏子肥
麦花雪白菜花稀
日長籬落無人過
惟有蜻蜓蛺蝶飛",梅の実が黄金色に熟し、杏の実も肥えてきた。麦の花は雪のように白く咲き、菜の花はまばらになった。日が長くなり、垣根のそばを通る人もない。ただ赤とんぼやアゲハ蝶が舞っているだけだ。,描绘了江南初夏时节宁静而美丽的乡村风光。诗人观察细致，笔调清新，表现了农村生活的安谧与祥和。
春日,朱熹,南宋,"勝日尋芳泗水浜
無辺光景一時新
等閑識得東風面
万紫千紅総是春",素晴らしい日に、泗水のほとりで春の景色を探し求める。広大な景色が一度に新しくなった。何気なく吹き抜ける東風（春風）の顔に気づけば、咲き誇る色とりどりの花はすべて春の現れなのだ。,全诗意境开阔、色彩绚丽。诗人通过对春景的赞美，表达了自己追求真理、心情愉悦的精神境界。
菩薩蛮・書江西造口壁,辛棄疾,金,"郁孤台下清江水
中間多少行人涙
西北望長安
可憐無数山
青山遮不住
畢竟東流去
江晩正愁余
山深聞鷓鴣",郁孤台の下を流れる清らかな江の水。その中には一体どれほどの旅人の涙が混ざっていることか。西北の空に都・長安を望もうとするが、悲しいかな無数の山が立ちはだかっている。だが青山は遮ることはできない、水は結局のところ東へと流れて行くのだ。江の夕暮れは私を愁いに沈ませ、深い山からはシャコの鳴き声が聞こえてくる。,词人借景抒情，表达了对国土沦丧的悲愤之情，以及对抗金事业必然胜利的信心。
題臨安邸,林升,南宋,"山外青山楼外楼
西湖歌舞幾時休
暖風薫得遊人酔
直把杭州作汴州",山の外にはさらに青山、楼閣の外にはさらに楼閣。西湖での歌や踊りの宴は、一体いつ終わるというのか。暖かい風が遊ぶ人々を酔わせ、彼らはこの杭州を、かつての都・汴州（開封）とすっかり勘違いしてしまっている。,讽刺了南宋统治者在国家危难之际依然沉溺于享乐，表达了诗人对国家命运的深深担忧。
游園不値,葉紹翁,南宋,"応憐屐歯印蒼苔
小扣柴扉久不開
春色満園関不住
一枝紅杏出墻来",きっと主人は下駄の歯が青い苔に跡をつけるのを惜しんでいるのだろう。柴の門を軽く叩いても、なかなか開けてくれない。だが園いっぱいの春色は閉じ込めておくことはできない。一枝の赤い杏の花が、塀を越えて外へ顔を出している。,虽然未能见到主人，但通过出墙的一枝红杏，诗人感受到了满园的春色，富有哲理与趣味。
墨梅,王冕,元,"吾家洗硯池頭樹
個個花開淡墨痕
不要人誇好顔色
只留清気満乾坤",我が家の硯を洗う池のほとりにある木。どの花も淡い墨の跡のように咲いている。人から美しい色だと褒められる必要はない。ただ清らかな香りだけが天地に満ちていればよいのだ。,这是一首题画诗。诗人通过对墨梅“不要人夸颜色好”的赞美，表达了自己清高坚贞的操守。
朝天子・咏喇叭,王磐,明,"喇叭、唢呐
曲児小、腔児大
官船来往乱如麻
全仗你抬身価
軍聴了軍愁
民聴了民怕
哪里去辨甚真共仮
眼見得吹翻了这家
吹傷了那家
只吹得水尽鵝飛罷",ラッパやチャルメラ。曲は短いが音はやたらと大きい。役人の船が麻のように乱れて行き交うのも、すべてお前が威光を笠に着ているおかげだ。軍隊が聞けば憂い、民衆が聞けば恐れる。何が本当で何が嘘かなど、どこで区別できようか。目の前でこの家を吹き潰し、あの家を吹き傷つけ、ただ水も尽きガチョウも逃げ出すまで吹き散らすだけだ。,这是一首讽刺权贵的散曲。通过对喇叭、唢呐的描写，揭露了封建官吏仗势欺人、搜刮百姓的丑恶嘴脸。
竹石,鄭燮,清,"咬定青山不放松
立根原在破岩中
千磨万撃還堅勁
任爾東西南北風",青山をがっちりと噛んで離さず、その根はもともと裂けた岩の中に立っている。いくら磨かれ打たれても、なおも堅く強い。東西南北から吹く風のなすがままに任せている。,通过赞美竹子扎根岩缝、顽强不屈的精神，表达了诗人刚正不阿、顶天立地的志气。
江南,楽府,前漢,"江南可採蓮
蓮葉何田田
魚戯蓮葉間
魚戯蓮葉東
魚戯蓮葉西
魚戯蓮葉南
魚戯蓮葉北",江南では蓮の実を採ることができる。蓮の葉は何と青々と生い茂っていることか。魚たちは蓮の葉の間で戯れている。魚たちは蓮の葉の東で戯れ、西で戯れ、南で戯れ、北で戯れている。,这是一首汉乐府民歌。通过描写人们採莲时的欢快情景和鱼儿戏水的灵动画面，展现了江南水乡清新活泼的生活气息。
風,李嶠,唐,"解落三秋葉
能開二月花
過江千尺浪
入竹万竿斜",秋の木の葉を吹き落とし、二月の花を咲かせる。川を渡れば千尺の波を立て、竹林に入れば万の竹をなびかせる。,通过对风引发的各种自然现象的描写，巧妙地展现了风的神奇力量和无处不在。
塞下曲,盧綸,唐,"月黒雁飛高
単于夜遁逃
欲将軽騎逐
大雪満弓刀",月は暗く、雁は高く飛び去っていく。敵の首領は夜陰に乗じて逃げ出した。軽騎兵を率いて追い詰めようとすれば、激しい大雪が弓や刀を白く埋め尽くしていく。,描写了将军在风雪之夜率兵追击敌军的情景，场面宏大，表现了边塞将士的英勇无畏。
池上,白居易,唐,"小娃撑小艇
偸採白蓮回
不解蔵踪跡
浮萍一道開",小さな子供が小舟を操り、こっそりと白蓮を摘んで帰ってきた。自分の足跡を隠すことを知らないので、水面の浮き草が一本の道のように開いてしまっている。,通过描写小孩偷采白莲的趣事，生动表现了儿童的天真活泼与纯真可爱。
蜂,羅隠,唐,"不論平地与山尖
無限風光尽被占
採得百花成蜜後
為誰辛苦為誰甜",平地であれ山の頂であれ、至る所の美しい景色はすべて蜂に占められている。百の花から蜜を採り集めた後、一体誰のために苦労し、誰のために甘い思いをさせているのだろうか。,诗人通过对蜜蜂辛勤劳动的赞美，歌颂了为他人创造幸福、不求回报的劳动者，寓意深刻。
小児垂釣,胡令能,唐,"蓬頭稚子学垂綸
側坐苺苔草映身
路人借問遥招手
怕得魚驚不応人",髪をボサボサにした子供が釣り糸を垂れるのを学んでいる。苔の上に横向きに座り、草にその身を隠している。通りがかりの人が道を尋ねると、遠くから手を振って合図する。魚が驚いて逃げるのを恐れて、声を出して応えることはしないのだ。,生动捕捉了小孩钓鱼时怕人惊动鱼儿而不敢招手的情态，极富生活情趣。
江上漁者,范仲淹,北宗,"江上往来人
但愛鱸魚美
君看一葉舟
出没風波里",川を行き交う人々は、ただスズキの身が美味しいことだけを喜んでいる。君、あの木の葉のような一艘の舟を見てごらん。激しい風や波の中で、見え隠れしながら命がけで漁をしているのを。,通过对渔民在风浪中捕鱼的描写，表达了诗人对劳动人民艰辛生活的深切同情。
書湖陰先生壁,王安石,北朝,"茅檐長掃浄無苔
花木成蹊手自栽
一水護田将緑繞
両山排闥送青来",茅葺きの軒先はいつも掃除されて苔一つなく、花や木は持ち主が自ら植えたので立派な道を作っている。一本の川が田を守るように緑を巡らせ、二つの山は門を押し開くかのように青々とした姿を届けてくれる。,描写了湖阴先生庭院内外的清静景色，表现了诗人对自然生活的热爱和对主人的赞美。
四時田園雑興(2),范成大,南宋,"昼出耘田夜績麻
村荘児女各当家
童孫未解供耕織
也傍桑陰学種瓜",昼間は田に出て草をむしり、夜は麻を紡ぐ。村の男も女も、それぞれが家の仕事に精を出している。孫たちはまだ耕したり織ったりすることはできないが、それでも桑の木陰で瓜を植える真似をして遊んでいる。,生动地描绘了农村初夏忙碌而又和谐的劳动场面。老少各尽其力，充满了浓郁的生活气息和人情味。
郷村四月,翁巻,明,"緑遍山原白満川
子規声裏雨如煙
郷村四月閑人少
才了蚕桑又挿田",山や野原は緑に覆われ、川の水面は白く輝いている。ホトトギスの鳴き声が響く中、煙のような霧雨が降っている。農村の四月は暇な人など一人もいない。蚕の世話が終わったと思ったら、すぐに田植えの仕事が始まるのだ。,描写了农历四月农村劳动的繁忙景象。前两句写景，后两句叙事，展现了劳动人民勤劳质朴的精神面貌。
所見,袁枚,唐,"牧童騎黄牛
歌声振林樾
意欲捕鳴蝉
忽然閉口立",牧童が黄牛にまたがり、その歌声が林の中に響き渡っている。不意に鳴いている蝉を捕まえようと思い立ち、パッと口を閉じてじっと立っている。,描写了牧童骑牛歌唱、忽然闭口立的情景，通过对儿童天真神态的捕捉，充满了生活气息。
村居,高鼎,清,"草長鶯飛二月天
拂堤楊柳酔春煙
児童散学帰来早
忙趁東風放紙鳶",草が伸びウグイスが舞う二月の空。堤防をなでる柳は春の霞に酔っているようだ。子供たちは学校が終わると早く帰ってきて、東風に乗せていそいそと凧を揚げている。,描写了春天乡村孩子们放风筝的欢快情景，生动地展现了农村春天的勃勃生机。
観滄海,曹操,三国時代,"東臨碣石，以観滄海。
水何澹澹，山島竦峙。
樹木叢生，百草豊茂。
秋風蕭瑟，洪波涌起。
日月之行，若出其中。
星漢燦爛，若出其裏。
幸甚至哉，歌以詠志。","東の方、碣石山に登り、青海原を見下ろす。
水はどこまでもゆったりと広がり、島々がそそり立っている。
木々は群れ生え、様々な草が豊かに茂っている。
秋風が物寂しく吹き抜け、大きな波が湧き上がる。
太陽や月の運行も、この海の中から出ているかのようだ。
天の川のきらめきも、この海の中から出ているかのようだ。
ああ、素晴らしいことだ。この感動を歌にして志を詠もう。",这是建安文学的代表作之一。曹操通过描绘秋日大海吞吐日月、包蕴万千的壮丽景象，表现了诗人开阔的胸襟和统一天下的宏伟抱负，气魄雄浑，意境开阔。
短歌行,曹操,三国時代,"対酒当歌，人生幾何。
譬如朝露，去日苦多。
慨当以慷，憂思難忘。
何以解憂，唯有杜康。
青青子衿，悠悠我心。
但為君故，沈吟至今。
呦呦鹿鳴，食野之苹。
我有嘉賓，鼓瑟吹笙。
明明如月，何時可掇。
憂従中来，不可断絶。
越陌度阡，枉用相存。
契闊談讌，心念旧恩。
月明星稀，烏鵲南飛。
繞樹三匝，何枝可依。
山不厭高，海不厭深。
周公吐哺，天下帰心。","酒を前にしては歌うべきだ。人生はどれほどのものか。
朝露のように儚く、過ぎ去った日はあまりにも多い。
心を高ぶらせて嘆き悲しむが、憂いの思いは忘れがたい。
何を以てこの憂いを解こうか。それは酒（杜康）しかない。
青い襟の君たちよ、私の心はどこまでも君たちを想っている。
ただ君たち（賢才）のために、今日まで深く考え詠んできたのだ。
鹿はヨウヨウと鳴きながら、野の草を食べている。
私に立派な賓客が来てくれれば、瑟を弾き笙を吹いてもてなそう。
あの明るい月のように輝く人材を、いつになれば得られるだろうか。
憂いは心の中から湧き起こり、断ち切ることができない。
あぜ道を越えて、わざわざ私を慰問しに来てくれた。
久方ぶりの再会で語り合い酒宴を開き、昔の恩を心に念じる。
月は明るく星はまばらで、カササギが南へ飛んでいく。
木を三回りしても、どの枝に身を寄せればよいのか分からないのだ。
山は高さを厭わず、海は深さを厭わない。
周公が食事を吐き出してまで賢人をもてなしたように、私も天下の人心を帰服させたいのだ。",这首诗表达了曹操感叹时光易逝，以及对招揽贤才、建功立业的急切渴望。“周公吐哺，天下归心”的千古绝唱，将诗人的宏大政治抱负展现得淋漓尽致。
送杜少府之任蜀州,王勃,唐,"城闕輔三秦，風煙望五津。
与君離別意，同是宦游人。
海内存知己，天涯若比隣。
無為在岐路，児女共沾巾。","長安の都は三秦の地に守られ、風や霞の彼方には遠く蜀の五津を望む。
君と別れを惜しむこの気持ち、お互いに役人として故郷を離れ旅する身だからこそだ。
この広い世界に自分を理解してくれる友がいるなら、たとえ天の果てに離れていても、まるで隣人のようなものだ。
だから分かれ道に立って、子供や女のように共に涙でハンカチを濡らすようなことはやめようではないか。",这是一首送别诗，打破了传统送别诗的凄凉与哀愁。以“海内存知己，天涯若比邻”的豁达胸襟，展现了初唐气象的壮阔与昂扬。
登幽州台歌,陳子昂,唐,"前不見古人，
後不見来者。
念天地之悠悠，
独愴然而涕下。","前に過ぎ去った昔の賢人を見ることはなく、
後に生まれてくるであろう未来の賢人を見ることもない。
天地の悠久で果てしないことを思い、
私は独り悲しみに沈み、涙を流すのだ。",诗人在幽州台上俯瞰天地，感叹宇宙的浩瀚与个人生命的短暂，抒发了怀才不遇的极其深沉的孤独感与历史沧桑感。悲壮苍凉，震撼人心。
望月懐遠,張九齢,唐,"海上生明月，天涯共此時。
情人怨遥夜，竟夕起相思。
滅燭怜光満，披衣覚露滋。
不堪盈手贈，還寝夢佳期。","海の上に名月が昇り、天の果てにいるあなたもこの同じ時を共有しているだろう。
情愛深い人は夜が長いのを怨み、一晩中起きては恋しい思いを募らせている。
蝋燭を消して満ちる月の光を愛でるが、上着を羽織ると夜露の湿り気を感じる。
この素晴らしい月の光を両手ですくって贈ることもできないので、再び眠りにつき、夢の中で良き再会の日を願うとしよう。",“海上生明月，天涯共此时”是千古传诵的咏月怀乡名句。诗人通过月夜的描写，抒发了对远方亲人的深切思念，意境清幽，情感真挚。
使至塞上,王維,唐,"単車欲問辺，属国過居延。
征蓬出漢塞，帰雁入胡天。
大漠孤煙直，長河落日円。
蕭関逢候騎，都護在燕然。","一両の馬車で辺境の様子を尋ねようと、属国を越えて居延の地へ向かう。
風に吹かれる蓬のように漢の砦を出て、北へ帰る雁のように胡（異民族）の空へと入っていく。
広大な砂漠には一筋の狼煙が真っ直ぐに立ち上り、黄河の果てには落日が丸く沈んでいく。
蕭関で偵察の騎兵に出会って尋ねると、将軍は燕然山で戦っているとのことだ。",这是王维奉命出塞慰问将士时所作。“大漠孤烟直，长河落日圆”以极其精炼的笔触，描绘了边塞奇特壮丽的风光，画面感极强，被赞为“千古壮观”。
山居秋暝,王維,唐,"空山新雨後，天気晩来秋。
明月松間照，清泉石上流。
竹喧帰浣女，蓮動下漁舟。
随意春芳歇，王孫自可留。","人気のない山に新たな雨が降った後、夕暮れの空気にはすっかり秋の気配が漂っている。
名月が松の枝葉の間に差し込み、清らかな泉が岩の上を流れている。
竹林が騒がしいのは洗濯の女たちが帰ってきたからで、蓮の葉が揺れるのは漁の小舟が川を下ってきたからだ。
春の芳しい花々は勝手に散っていくがよい。私（王孫）はこの秋の山の景色の中になお留まることができるのだから。",这首诗如同一幅清新秀丽的秋日山水画。“明月松间照，清泉石上流”不仅写出了自然之美，更折射出诗人高洁清雅的内心世界。
行路難・其一,李白,唐,"金樽清酒斗十千，玉盤珍羞直万銭。
停杯投箸不能食，抜剣四顧心茫然。
欲渡黄河冰塞川，将登太行雪暗天。
閑来垂釣碧渓上，忽復乗舟夢日辺。
行路難，行路難，多岐路，今安在。
長風破浪会有時，直挂雲帆済滄海。","金の樽に入った清酒は一斗一万銭、玉の皿に盛られたご馳走は一万銭の価値がある。
だが杯を置き箸を投げて食べる気になれず、剣を抜いて四方を見回し、心は茫然とするばかりだ。
黄河を渡ろうとすれば氷が川を塞ぎ、太行山脈に登ろうとすれば雪が空を暗く覆っている。
太公望のように緑の渓流で釣りをしてみたり、伊尹のように船に乗って太陽のそばに行く夢をみたりしたこともあったが。
人生の道のりは険しい、道のりは険しい。分かれ道が多いが、私の進むべき道は今どこにあるのか。
しかし、いつか必ず長風に乗って荒波を打ち破る時が来るだろう。その時は雲のように白い帆を高く掲げて、広大な海を渡っていくのだ。",此诗写于李白被迫离开长安之时。诗中通过丰富的想象和典故，抒发了政治上遭遇挫折的苦闷，但最终表现出一种自信、乐观、永不言败的倔强性格。“长风破浪会有时”激励了无数后人。
将進酒,李白,唐,"君不見黄河之水天上来，奔流到海不復回。
君不見高堂明鏡悲白髪，朝如青絲暮成雪。
人生得意須尽歓，莫使金樽空対月。
天生我材必有用，千金散尽還復来。
烹羊宰牛且為楽，会須一飲三百杯。
岑夫子，丹丘生，将進酒，杯莫停。
与君歌一曲，請君為我傾耳聴。
鐘鼓饌玉不足貴，但願長酔不願醒。
古来聖賢皆寂寞，惟有飲者留其名。
陳王昔時宴平楽，斗酒十千恣歓謔。
主人何為言少銭，径須沽取対君酌。
五花馬，千金裘，呼児将出換美酒，与爾同銷万古愁。","君は見ないか、黄河の水が天の彼方から流れ来て、奔流となって海へ至り二度と戻らないのを。
君は見ないか、立派な館の鏡の前で白髪を悲しむのを。朝には黒髪だったものが夕暮れには雪のように白くなるのを。
人生で得意な時があれば大いに楽しむべきだ。金の杯を空のまま名月に向けてはならない。
天が私という才能を生み出したからには必ず役に立つ時が来る。千金など使い果たしてもまた戻ってくるものだ。
羊を煮て牛を屠り、さあ楽しもう。飲むからには一度に三百杯は飲まねばなるまい。
岑夫子（しんふうし）、丹丘生（たんきゅうせい）よ、さあ酒を飲もう、杯を止めてはならない。
君たちのために一曲歌おう、どうか私のために耳を傾けて聴いてくれ。
贅沢な音楽やご馳走など貴いものではない、ただ長く酔っていたい、醒めたくはないのだ。
古来、聖人や賢人はみな寂寞として消え去ったが、ただ酒飲みだけがその名を残しているではないか。
昔、陳王（曹植）は平楽観で宴会を開き、一斗一万銭の酒を飲んで大いに楽しんだという。
主人である私がどうして金が少ないなどと言おうか、すぐに酒を買ってきて君と酌み交わそう。
五色の毛並みの名馬でも、千金もする毛皮の衣でも、子供を呼んで美酒と引き換えにさせ、君たちと一緒に万古の愁いを吹き飛ばそうではないか！",这是李白最负盛名的长篇歌行之一。诗中不仅淋漓尽致地抒发了诗人的万古愁与不羁的性格，还展现了他极其豪迈的气魄和强烈的自信。“天生我材必有用”成为激励无数人的千古名句。
黄鶴楼,崔顥,唐,"昔人已乗黄鶴去，此地空余黄鶴楼。
黄鶴一去不復返，白雲千載空悠悠。
晴川歴歴漢陽樹，芳草萋萋鸚鵡洲。
日暮郷関何処是，煙波江上使人愁。","昔の仙人はすでに黄鶴に乗って飛び去り、ここには黄鶴楼だけがむなしく残されている。
黄鶴は一度飛び去ったきり二度と戻らず、白雲だけが千年の間、空を悠々と流れている。
晴れ渡った川の向こうには漢陽の木々がくっきりと見え、鸚鵡洲には芳しい草が青々と茂っている。
日が暮れて、私の故郷はどこにあるのだろうか。川面に立ち込めるもやが、旅人を一層の愁いに誘うのだ。",这首诗被誉为“唐人七律第一”。相传李白登黄鹤楼本欲赋诗，看到此诗后感叹“眼前有景道不得，崔颢题诗在上头”。诗中融合了神话传说、眼前壮景与无尽的乡愁，气象宏大，音调悲凉。
白雪歌送武判官帰京,岑参,唐,"北風巻地白草折，胡天八月即飛雪。
忽如一夜春風来，千樹万樹梨花開。
散入珠簾湿羅幕，狐裘不暖錦衾薄。
将軍角弓不得控，都護鉄衣冷難着。
瀚海闌干百丈冰，愁雲惨淡万里凝。
中軍置酒飲帰客，胡琴琵琶与羌笛。
紛紛暮雪下轅門，風掣紅旗凍不翻。
輪台東門送君去，去時雪満天山路。
山回路転不見君，雪上空留馬行処。","北風が地を巻き上げるように吹き荒れ白い草が折れ、胡の空では八月にはもう雪が舞う。
まるで一夜にして春風が吹き、千万の木々に梨の花が一斉に咲き誇ったかのようだ。
雪は珠のすだれを抜けて絹の幕を濡らし、狐の毛皮も暖かくなく、錦の布団も薄く感じる。
将軍の角張った弓は凍えて引くことができず、都護の鉄の鎧は冷たすぎて着るのが難しい。
砂漠には百丈もの氷が横たわり、憂鬱な雲が万里にわたって重苦しく固まっている。
本陣で酒宴を開いて帰る客をもてなすが、胡琴、琵琶、羌笛の音が響き渡る。
夕暮れの陣門に雪がしんしんと降り、風が赤い旗を引っ張るが凍りついて翻らない。
輪台の東門で君を見送るが、去り行く天山への道は雪で覆い尽くされている。
山を回り道が曲がって君の姿は見えなくなり、ただ雪の上に馬の足跡だけが空しく残っている。",这是一首极具浪漫色彩的边塞送别诗。“忽如一夜春风来，千树万树梨花开”以春花比喻冬雪，想象奇特。全诗既描绘了塞外奇寒壮丽的风光，又表达了深沉的战友之情。
登高,杜甫,唐,"風急天高猿嘯哀，渚清沙白鳥飛回。
無辺落木蕭蕭下，不尽長江滾滾来。
万里悲秋常作客，百年多病独登台。
艱難苦恨繁霜鬢，潦倒新停濁酒杯。","風は激しく天は高く、猿の鳴き声が哀しく響く。水際や砂浜は清らかで白く、鳥たちが飛び回っている。
見渡す限りの枯れ葉がヒュルヒュルと散り落ち、果てしない長江の水がこんこんと流れてくる。
万里も離れた異郷で悲しい秋を迎え、常に旅の身である私は、一生病がちの体で独り高台に登る。
数々の艱難辛苦が恨めしく、白髪はますます増え、老いぼれた今は濁酒の杯を止めたばかりである。",此诗被誉为“古今七言律诗之冠”。不仅对仗极其工整，更蕴含着极大的悲剧力量。杜甫将个人的衰老病苦、国家的动荡与宇宙的浩瀚交织在一起，悲凉之中透出雄阔壮美。
蜀相,杜甫,唐,"丞相祠堂何処尋，錦官城外柏森森。
映階碧草自春色，隔葉黄鸝空好音。
三顧頻煩天下計，両朝開済老臣心。
出師未捷身先死，長使英雄涙満襟。","丞相（諸葛亮）の霊廟はどこに尋ねればよいだろうか。錦官城（成都）の郊外、柏の木が鬱蒼と茂っているところだ。
石段に映える緑の草はただ自然に春の色を見せ、葉越しに鳴くウグイスの美しい声も虚しく響く。
三顧の礼の厚意に応え、天下三分の計を立て、先主（劉備）と後主（劉禅）の二代にわたって国を開き救った老臣の忠心。
しかし、出陣してまだ勝利を得ないうちに身は先んじて死んでしまった。その無念さは、後世の英雄たちの襟をいつまでも涙で濡らさせるのだ。",这是杜甫凭吊诸葛亮的一首名作。前四句借景抒情，后四句高度概括了诸葛亮伟大而悲壮的一生。“出师未捷身先死，长使英雄泪满襟”道出了无数壮志未酬者的悲慨。
茅屋為秋風所破歌,杜甫,唐,"八月秋高風怒号，巻我屋上三重茅。
茅飛渡江灑江郊，高者掛罥長林梢，下者飄転沈塘坳。
南村群童欺我老無力，忍能対面為盗賊。
公然抱茅入竹去，唇焦口燥呼不得，帰来倚杖自嘆息。
俄頃風定雲墨色，秋天漠漠向昏黒。
布衾多年冷似鉄，嬌児悪臥踏裏裂。
床頭屋漏無干処，雨脚如麻未断絶。
自経喪乱少睡眠，長夜沾湿何由徹！
安得広廈千万間，大庇天下寒士倶歓顔！
風雨不動安如山。
嗚呼！何時眼前突兀見此屋，吾廬独破受凍死亦足！","（前半略）ああ、どこかに一千万間もの巨大な屋敷を得て、天下の寒さをしのぐ貧しい人々をすべて庇い、笑顔にすることはできないだろうか。
風雨にも揺るがず、山のように安定した家を。
ああ！いつの日か目の前にそのような家がそびえ立つのが見られるなら、私の粗末な小屋だけが破れ、私自身が凍え死んだとしても、それで満足だ！",杜甫饱受狂风破屋、凄雨苦寒之苦，却在绝境中发出了“大庇天下寒士俱欢颜”的宏大呼唤。这种超越个人苦难、推己及人的博大胸怀与人道主义精神，是其被称为“诗圣”的重要原因。
早春呈水部張十八員外,韓愈,唐,"天街小雨潤如酥，草色遥看近却無。
最是一年春好処，絶勝烟柳満皇都。","長安の通りに降る小雨は、酥（乳脂肪）のように滑らかで潤いがある。草の緑は遠くから見るとうっすらと色づいているが、近寄ってみると見えない。
この早春の時期こそが一年で一番素晴らしい。都いっぱいに柳の霞が立ち込める晩春よりも、はるかに勝っているのだ。",韩愈这首诗极尽工巧地描绘了早春极其细微的景象。“草色遥看近却无”是观察入微的千古名句，表达了诗人对生机勃勃的早春的无限喜爱。
秋詞,劉禹錫,唐,"自古逢秋悲寂寥，我言秋日勝春朝。
晴空一鶴排雲上，便引詩情到碧霄。","古来、秋といえば物寂しいと悲しむものだが、私は秋の日こそ春の朝よりも優れていると言う。
晴れ渡った空へ一羽の鶴が雲を押し退けて舞い上がっていく。それを見ていると、私の詩情も青空の彼方へと引き上げられていくのだ。",传统的秋天总是伴随着悲凉，但刘禹锡却反其道而行之。这首诗格调高昂，充满了奋发向上的力量和积极乐观的人生态度。
売炭翁,白居易,唐,"売炭翁，伐薪焼炭南山中。
満面塵灰煙火色，両鬢蒼蒼十指黒。
売炭得銭何所営，身上衣裳口中食。
可怜身上衣正単，心憂炭賤願天寒。
（中略）
一車炭，千余斤，宮使駆将惜不得。
半匹紅紗一丈綾，繋向牛頭充炭直。","炭売りの老人は、南山の中で木を切り炭を焼いている。
顔中灰だらけで煙の色に染まり、もみあげは白く十本の指は真っ黒だ。
炭を売って得たお金で何をするのかといえば、身に着ける着物と口に入れる食べ物だけだ。
可哀想に身に着けている着物はとても薄いのに、炭が安くならないようにもっと寒くなってほしいと願っている。
（中略）千斤以上もある一車の炭を、宮中からの使者が強引に奪っていく。
赤い紗半匹と綾一丈を牛の頭に結びつけ、これが炭の代金だと言うのだ。",这是白居易《新乐府》中的名篇。诗人以极大的同情心描绘了卖炭翁的悲惨遭遇，深刻揭露了当时“宫市”对底层劳动人民的残酷剥削，批判锋芒极其锐利。
泊秦淮,杜牧,唐,"煙籠寒水月籠沙，夜泊秦淮近酒家。
商女不知亡国恨，隔江猶唱後庭花。","もやが冷たい水面を包み、月の光が砂辺を包んでいる。夜、秦淮川に舟を泊めると酒場のすぐ近くだった。
歌姫たちは亡国の恨みなど知る由もなく、川を隔てたこちらまで、いまだに（陳の後主が作った亡国の歌）「玉樹後庭花」を歌っている。",杜牧借夜泊秦淮所听到的靡靡之音，讽刺了晚唐统治阶级沉溺声色、不顾国家安危的腐朽生活，表达了深沉的历史忧患感。
夜雨寄北,李商隠,唐,"君問帰期未有期，巴山夜雨漲秋池。
何当共剪西窓燭，却話巴山夜雨時。","あなたは帰る日はいつかと尋ねるが、帰る日はまだ決まっていない。ここ巴山では夜の雨が秋の池を溢れさせている。
いつになれば、西の窓辺で共にロウソクの芯を切りながら、「あの時の巴山の夜の雨はこうだったね」と思い出を語り合えるだろうか。",这是一首情意绵绵的寄情诗。诗人身处巴山夜雨的孤寂中，通过想象未来重逢时的情景，将当前的愁苦与对未来的期盼交织在一起，构思巧妙，令人回味无穷。
水調歌頭,蘇軾,北宋,"明月幾時有？把酒問青天。
不知天上宮闕，今夕是何年。
我欲乗風帰去，又恐瓊楼玉宇，高処不勝寒。
起舞弄清影，何似在人間。

転朱閣，低綺戸，照無眠。
不応有恨，何事長向別時円？
人有悲歓離合，月有陰晴円缺，此事古難全。
但願人長久，千里共嬋娟。","（前半略）名月よ、人に対して恨みなどないはずなのに、なぜ人々が離れ離れになっている時に限って丸く輝くのか。
人には悲しみや喜び、出会いや別れがあり、月には陰りや晴れ、満ち欠けがある。これらが全て完全であることは昔から難しいことなのだ。
ただ願うのは、お互いがいつまでも健やかに生き、たとえ千里離れていても、この美しい月を共に眺められることだ。",苏轼在中秋之夜醉后思念弟弟苏辙所作。全词将神话仙境与人间现实、哲学思考与真挚情感完美结合，“但愿人长久，千里共婵娟”成为了中华民族表达美好祝愿的最强音。
声声慢,李清照,南宋,"尋尋覓覓，冷冷清清，凄凄惨惨戚戚。
乍暖還寒時候，最難将息。
三杯両盞淡酒，怎敵他、晩来風急？
雁過也，正傷心，却是旧時相識。

満地黄花堆積，憔悴損，如今有誰堪摘？
守著窓児，独自怎生得黒？
梧桐更兼細雨，到黄昏、点点滴滴。
這次第，怎一个愁字了得！","何かを探し求めるようにうろつき、冷たく寂しい空気の中、ひたすら悲しく心が塞ぐ。
暖かくなったかと思えばまた寒くなるこの時期は、最も体を休めにくい。
二、三杯の薄い酒では、夕暮れの急な風の冷たさに耐えられようか。
雁が鳴いて通り過ぎていく。まさに心を痛めている時に、あれは昔馴染みの鳥ではないか。
（後半略）庭いっぱいに散り積もった菊の花はすっかり憔悴し、今となっては誰が摘もうとするだろうか。
窓辺に座り、一人でどうやって暗くなるまで過ごせばいいのか。
おまけに梧桐（アオギリ）の葉に細い雨が降りかかり、黄昏時にはポツリポツリと音を立てる。
この有様を、どうして「愁」という一文字だけで片付けることができようか！",这是李清照晚年最著名的词作。开篇连用十四个叠字，营造出一种极其凄清悲凉的氛围。词中不仅抒发了失去丈夫的个人悲痛，更融入了国破家亡的深重哀愁，艺术感染力极强。
過零丁洋,文天祥,南宋,"辛苦遭逢起一経，干戈寥落四周星。
山河破碎風飄絮，身世浮沈雨打萍。
惶恐灘頭説惶恐，零丁洋裏嘆零丁。
人生自古誰無死？留取丹心照汗青。","苦労を重ねて経書を学び科挙に受かったが、戦乱の中で戦い続けて四年が過ぎた。
祖国の山河は砕け散って風に舞う柳の綿のようであり、私自身の身の上も雨に打たれる浮き草のように沈んでは浮かぶ。
惶恐灘（こうきょうだん）のほとりで惶恐（恐れおののく）の思いを語り、零丁洋（れいていよう）の中で零丁（孤独）を嘆く。
人生、古より誰か死なない者があろうか。いや、誰もが死ぬ。ただこの真っ赤な真心（忠誠心）を残して、歴史の竹簡を照らしたいのだ。",文天祥兵败被俘后所作。面对敌人的威逼利诱，他以极其悲壮的笔触回顾了国破家亡的惨痛经历，并在最后发出了“人生自古谁无死，留取丹心照汗青”的千古壮语，展现了极其崇高的民族气节。
天浄沙·秋思,馬致遠,元,"枯藤老樹昏鴉，
小橋流水人家，
古道西風痩馬。
夕陽西下，
断腸人在天涯。","枯れた蔓が巻き付く老木、夕暮れのカラス。
小さな橋、せせらぐ流水、ひっそりとした人家。
古い道を、西風に吹かれて歩く痩せた馬。
夕陽が西へと沈んでいく。
腸（はらわた）がちぎれるほど悲しむ旅人は、はるか天の果てにいる。",这是元曲中最为著名的散曲之一，被称为“秋思之祖”。短短二十八字，完全由名词意象叠加而成，如同一幅充满深秋萧瑟气氛的图画，淋漓尽致地表达了游子漂泊他乡的凄苦之情。
飲酒・其五,陶淵明,東晋,"結廬在人境，而無車馬喧。
問君何能爾，心遠地自偏。
採菊東籬下，悠然見南山。
山気日夕佳，飛鳥相与還。
此中有真意，欲弁已忘言。","人里に庵を結んで住んでいるが、馬車の騒がしい音は聞こえない。
君に問う、どうしてそんなことができるのかと。心が遠く離れていれば、場所も自然と辺鄙に感じるものだ。
東の垣根の下で菊を採り、悠然と南の山（廬山）を眺める。
山の気配は夕暮れ時が素晴らしく、飛ぶ鳥たちが連れ立ってねぐらへ帰っていく。
この自然の営みの中には真の人生の意義があるのだが、それを言い表そうとして、すでに言葉を忘れてしまった。",这是陶渊明隐居生活的写照。“采菊东篱下，悠然见南山”描绘了诗人超然脱俗、与自然融为一体的恬静心境，是中国古典诗歌中隐逸精神的最高境界。
涼州詞,王翰,唐,"葡萄美酒夜光杯，欲飲琵琶馬上催。
酔臥沙場君莫笑，古来征戦幾人回？","夜光杯に注がれた葡萄の美酒。飲もうとすると馬上で琵琶が急き立てるように鳴り響く。
酔いつぶれて砂漠の戦場に倒れ伏しても、君よどうか笑わないでくれ。古来、この戦地から生きて帰れた者がどれほどいるというのか。",这首边塞诗悲壮而不哀伤。通过描写出征前的盛大酒宴，展现了将士们将生死置之度外、豪放旷达的英雄气概。
芙蓉楼送辛漸,王昌齢,唐,"寒雨連江夜入呉，平明送客楚山孤。
洛陽親友如相問，一片冰心在玉壺。","冷たい雨が川に連なるように降り、夜の呉の地へ入ってきた。夜明けに客（辛漸）を見送ると、楚の山がぽつんと孤立して見える。
洛陽にいる親戚や友人がもし私のことを尋ねたなら、玉の壺の中にある一片の氷のように、私の心は今も清らかであると答えてくれ。",这是一首构思奇巧的送别诗。诗人没有倾诉离愁别绪，而是以“一片冰心在玉壶”来自喻，表达了自己不慕名利、清廉刚直的高尚操守。
鹿柴,王維,唐,"空山不見人，但聞人語響。
返景入深林，復照青苔上。","ひっそりとした山には人の姿は見えず、ただ人の話し声だけが響いてくる。
夕日の光が深い林の奥へと差し込み、再び青々とした苔の上を照らしている。",这是王维《辋川集》中的名篇。诗中以“动”写“静”，通过人语和夕阳的反衬，极度渲染了深林深处的空灵与幽静，充满禅意。
送元二使安西,王維,唐,"渭城朝雨浥軽塵，客舎青青柳色新。
勧君更尽一杯酒，西出陽関無故人。","渭城の朝の雨が、土埃を軽く潤している。旅館の前の柳は青々として、その色は鮮やかだ。
さあ君よ、もう一杯この酒を飲み干したまえ。西の方、陽関を出てしまえば、もう共に杯を交わす友はいないのだから。",这首诗又名《渭城曲》或《阳关三叠》，是唐代流传最广的送别名曲。语言清新洗练，情真意切，表达了对友人依依不舍的深厚情谊。
九月九日憶山東兄弟,王維,唐,"独在異郷為異客，毎逢佳節倍思親。
遥知兄弟登高処，遍挿茱萸少一人。","独り異郷にいて見知らぬ客となっていると、素晴らしい節句（重陽の節句）を迎えるたびに、一層故郷の家族が恋しくなる。
はるか遠くで兄弟たちが小高い山に登り、皆で魔除けの茱萸（かわはじかみ）を頭に挿しているだろうが、そこには私一人だけが欠けているのだと、遠く思いを馳せるのだ。",这首诗写于王维十七岁时。“每逢佳节倍思亲”极其自然而又深刻地写出了游子在节日里对家乡亲人的强烈思念，成为千古名句。
静夜思,李白,唐,"床前明月光，疑是地上霜。
挙頭望明月，低頭思故郷。","寝台の前に差し込む名月の光を見て、地上に降りた霜かと思った。
頭を上げては明るい月を眺め、頭を下げては故郷に思いを馳せる。",李白的代名词。旅途中独处秋夜，以极简的语言刻画了由疑霜到望月、再到低头沉思的心理过程。没有华丽辞藻，却凝聚了人类共通的深沉乡愁。
望廬山瀑布,李白,唐,"日照香炉生紫煙，遥看瀑布掛前川。
飛流直下三千尺，疑是銀河落九天。","太陽が香炉峰を照らして紫色の霞が立ち昇り、はるか遠くに瀑布が目の前の川に掛かっているのを見る。
飛ぶように流れ落ちる水は三千尺も一直線に下り、まるで銀河が天の最も高いところから落ちてきたのかと疑うほどだ。",这是李白浪漫主义诗歌的代表作。“飞流直下三千尺，疑是银河落九天”运用了极其夸张的想象，将瀑布的磅礴气势描绘得如梦如幻，气象万千。
贈汪倫,李白,唐,"李白乗舟将欲行，忽聞岸上踏歌声。
桃花潭水深千尺，不及汪倫送我情。","私、李白が舟に乗って出発しようとした時、ふと岸の上から足拍子をとって歌う声が聞こえてきた。
ここ桃花潭の水は千尺の深さがあるというが、それでも汪倫が私を見送ってくれるこの深い情には及ばない。",这首诗语言极其朴素自然，就像一首民歌。诗人用“深千尺”的桃花潭水作比，生动形象地表达了汪伦对自己深厚且真挚的友情。
早発白帝城,李白,唐,"朝辞白帝彩雲間，千里江陵一日還。
両岸猿声啼不住，軽舟已過万重山。","朝、美しい朝焼け雲の間にそびえる白帝城に別れを告げ、千里離れた江陵へわずか一日で帰っていく。
長江の両岸からは猿の鳴き声が絶え間なく聞こえてくるが、私の乗る軽快な舟は、すでに幾重にも連なる山々を通り過ぎてしまった。",此诗作于李白流放途中遇赦之后。全诗如行云流水，气势奔放，字里行间洋溢着诗人重获自由后极其轻快、愉悦的心情。
江畔独歩尋花,杜甫,唐,"黄四娘家花満蹊，千朶万朶圧枝低。
留連戯蝶時時舞，自在嬌鶯恰恰啼。","黄四娘（こうしじょう）の家の前の小道には花が満開で、千も万もの花房が重そうに枝を低くしならせている。
いつまでも離れようとしない戯れる蝶が時折舞い上がり、自由気ままな可愛いウグイスが楽しげに鳴いている。",杜甫定居成都草堂时所作。与他悲凉的现实主义作品不同，这首诗色彩明丽，充满生机，生动地展现了春天繁花似锦的景象和诗人欢快的心情。
春望,杜甫,唐,"国破山河在，城春草木深。
感時花濺涙，恨別鳥驚心。
烽火連三月，家書抵万金。
白頭掻更短，渾欲不勝簪。","国は破れ都は破壊されたが、山や河の自然はそのまま残り、長安の城内にも春が来て草木が深く茂っている。
この悲惨な時代を思っては美しい花を見ても涙を流し、家族との別れを恨んでは鳥の鳴き声にも心を驚かせる。
戦火は三月からずっと続いており、家族からの手紙は万金にも値するほど貴重だ。
白髪頭は掻くたびにますます短く抜け落ち、もはや冠を留める簪（かんざし）も挿せないほどだ。",安史之乱爆发后，杜甫被困长安时所作。开篇“国破山河在”极其沉痛地写出了国家的残破，全诗将忧国与思家紧密结合，情感极其深沉真挚，是“诗史”的代表作。
春夜喜雨,杜甫,唐,"好雨知時節，当春乃発生。
随風潜入夜，潤物細無声。
野径雲倶黒，江船火独明。
暁看紅湿処，花重錦官城。","良い雨というものは降るべき季節を心得ていて、まさに春の草木が芽吹く時に降るものだ。
風に乗って密かに夜に入り込み、万物を潤すが、その音は細やかで聞こえない。
野の小道も雲もすべて真っ暗で、ただ川に浮かぶ舟の漁火だけがポツンと明るい。
夜明けに赤く濡れているあたりを見れば、雨を含んで重くなった花々が錦官城（成都）を埋め尽くしているだろう。",这是一首描写春雨的绝唱。诗人将雨拟人化，“润物细无声”不仅极其精准地描绘了春雨的特点，更蕴含着诗人对这场好雨的无限喜悦与赞美。
聞官軍収河南河北,杜甫,唐,"剣外忽伝収薊北，初聞涕涙満衣裳。
却看妻子愁何在，漫巻詩書喜欲狂。
白日放歌須縦酒，青春作伴好還郷。
即従巴峡穿巫峡，便下襄陽向洛陽。","剣南の地で、突然官軍が薊北（安史の乱の賊の根拠地）を奪還したと伝え聞いた。初めに聞いた時は、嬉し涙で着物がすっかり濡れてしまった。
振り返って妻や子供を見ると、以前の愁いはどこへやら。無造作に詩の書物を巻き付け、狂わんばかりに喜んでいる。
明るい太陽の下で大声で歌い、心ゆくまで酒を飲もうではないか。この春の季節を道連れにして、故郷へ帰るのにこれほど良い時はない。
今すぐに巴峡から巫峡を抜け、襄陽を下って洛陽へと向かおう！",被称为杜甫“生平第一快诗”。听闻安史之乱平息，诗人惊喜交加。诗中通过一连串动作的描写，极其生动地表现了诗人那种压抑已久后突然爆发的狂喜之情以及对故乡的急切渴望。
遊子吟,孟郊,唐,"慈母手中線，遊子身上衣。
臨行密密縫，意恐遅遅帰。
誰言寸草心，報得三春暉。","慈しみ深い母の手にある糸は、旅立つ息子の着る服を縫うためのもの。
出発を前に心を込めて細かく縫うのは、帰りが遅くなるのを心配しているからだ。
誰が言えようか、小さな草のような子の心が、三春の太陽のような母の大きな恩に報いられるなどと。",这是一首歌颂伟大母爱的名诗。诗人以平实的语言，通过母亲为游子缝制衣服的普通细节，表达了对母亲深深的感激与敬爱。“寸草心”与“三春晖”的比喻感人肺腑。
賦得古原草送別,白居易,唐,"離離原上草，一歳一枯栄。
野火焼不尽，春風吹又生。
遠芳侵古道，晴翠接荒城。
又送王孫去，萋萋満別情。","原っぱに生い茂る草は、一年のうちに枯れてはまた栄える。
野火で焼かれても根まで尽き果てることはなく、春風が吹けばまた芽を出す。
遠く広がる香りは古い道まで侵食し、晴れ渡った緑は荒れ果てた城にまで続いている。
今また貴方を見送って行くが、この生い茂る草のように、私の心は別れの情で満ち溢れているのだ。",白居易十六岁时的成名作。“野火烧不尽，春风吹又生”以极其旺盛的生命力，赞美了野草坚韧不拔的精神。最后借草借景，自然过渡到送别之情，意境浑然天成。
無題,李商隠,唐,"相見時難別亦難，東風無力百花残。
春蚕到死糸方尽，蝋炬成灰涙始乾。
暁鏡但愁雲鬢改，夜吟応覚月光寒。
蓬山此去無多路，青鳥殷勤為探看。","会うことすら難しいのに、別れるのはさらに辛い。春風は力なく吹き、多くの花がしおれていく。
春の蚕は死ぬまで糸（想い）を吐き尽くし、蝋燭は灰になって初めて涙（蝋のしずく）が乾くのだ。
朝、鏡の前で美しい黒髪が変わっていくのを愁い、夜に詩を口ずさめば月の光を寒く感じるだろう。
あなたが住む蓬莱山はここからそう遠くはない。青い鳥よ、どうか私のために親切に様子を見に行ってくれないか。",这是李商隐最著名的爱情诗之一。诗中“春蚕到死丝方尽，蜡炬成灰泪始干”以极其凄美、执着的意象，表达了生死不渝的深情与至死方休的相思之苦，千百年来感动了无数人。
赤壁,杜牧,唐,"折戟沈沙鉄未銷，自将磨洗認前朝。
東風不与周郎便，銅雀春深鎖二喬。","砂に沈んでいた折れた矛、その鉄はまだ錆びて朽ちてはいなかった。自ら拾い上げて洗い磨いてみると、前の王朝（三国時代）のものだと分かった。
もしあの時、東南の風が周瑜（周郎）に味方していなかったら、今頃、春の深まる銅雀台に大喬と小喬の二人が捕らえられ、閉じ込められていたことだろう。",这是一首咏史诗。杜牧借赤壁之战的遗物，以极其独到的眼光指出历史的偶然性。他不写周瑜的英勇，而是说如果“东风不便”，战局将完全改写，立意新颖，发人深省。
泊船瓜洲,王安石,北宋,"京口瓜洲一水間，鐘山只隔数重山。
春風又緑江南岸，明月何時照我還。","京口と瓜洲は一筋の川を隔てるのみ。私の故郷である鐘山も、ここからわずか数重の山を隔てているだけだ。
春風が再び江南の岸辺を緑に変えたが、名月はいつになったら私を照らして故郷へ帰らせてくれるのだろうか。",这是王安石变法期间所作的思乡名篇。特别是“春风又绿江南岸”中的“绿”字，化静为动，极富生机，表现了诗人对家乡的深切思念以及渴望辞官归隐的矛盾心理。
題西林壁,蘇軾,北宋,"横看成嶺側成峰，遠近高低各不同。
不識廬山真面目，只縁身在此山中。","横から見れば連なる嶺、横から見れば切り立つ峰。遠く近く、高く低く、見る場所によって姿はそれぞれ異なっている。
廬山の本当の姿が分からないのは、ただ自分がこの山の中にいるからに他ならない。",这是一首极富哲理的诗。苏轼通过游览庐山的感受，生动地揭示了“当局者迷，旁观者清”的客观真理。语言通俗易懂，却蕴含着深刻的人生哲思。
夏日絶句,李清照,南宋,"生当作人傑，死亦為鬼雄。
至今思項羽，不肯過江東。","生きている間は人中の傑物であるべきであり、死んでもなお鬼神の中の英雄であるべきだ。
今になっても人々が項羽を思い慕うのは、彼が卑怯に生き延びることを潔しとせず、江東へ渡ることを拒んだからだ。",这首诗具有极强的现实针对性。李清照作为一位女词人，却发出了比男子更为慷慨激昂的呼声。借赞扬项羽宁死不屈的气节，狠狠讽刺了南宋朝廷畏敌如虎、仓皇南逃的怯懦。
石灰吟,于謙,明,"千錘万撃出深山，烈火焚焼若等閑。
粉骨砕身渾不怕，要留清白在人間。","千度万度打ち叩かれて深い山から掘り出され、烈火で焼かれることも平然と受け入れる。
たとえ粉骨砕身しようとも全く恐れることはない。ただ清廉潔白な志をこの世に残したいのだ。",这是一首托物言志诗。明代名臣于谦以石灰自喻，表达了自己哪怕粉身碎骨也要坚守高洁情操、报效国家的坚定信念。诗如其人，气宇轩昂。
己亥雑詩,龔自珍,清,"九州生気恃風雷，万馬斉喑究可哀。
我勧天公重抖擻，不拘一格降人才。","この広い大地に活気を生むには激しい風雷が必要だ。全ての馬が沈黙しているかのような現状は、この上なく悲しい。
私は天の神に勧める、もう一度奮い立って、既存の枠にとらわれず優れた人材を降ろしてほしいと。",龚自珍生活在清朝衰落的晚期。这首诗是对死气沉沉的封建社会的猛烈抨击。“不拘一格降人才”发出了时代的最强音，呼唤变革与创新，振聋发聩。
関雎,佚名,先秦,"関関雎鳩，在河之洲。
窈窕淑女，君子好逑。
参差荇菜，左右流之。
窈窕淑女，寤寐求之。
求之不得，寤寐思服。
悠哉悠哉，輾転反側。","関関（かんかん）と鳴くミサゴのつがいが、川の中州にいる。
しとやかで美しい淑女は、立派な君子の良い伴侶だ。
ふぞろいなアサザの草を、左右に手分けして流し採る。
しとやかで美しい淑女を、寝ても覚めても探し求める。
求めても得られず、寝ても覚めても思い焦がれる。
ああ、なんと長い夜だろうか。思い悩んで寝返りばかり打っている。",《诗经》的第一篇，也是中国文学史上最著名的爱情诗。通过雎鸠和鸣、采摘荇菜的起兴，生动地描写了一个男子对心上人的日夜思念与热烈追求，情感真挚，音韵和谐。
蒹葭,佚名,先秦,"蒹葭蒼蒼，白露為霜。
所謂伊人，在水一方。
溯洄従之，道阻且長。
溯游従之，宛在水中央。","アシの葉が青々と茂り、白い露が凍って霜となる。
私の想い人は、この川の対岸にいる。
川を遡って従おうとするが、道は険しく且つ遠い。
川を下って従おうとするが、あの人は水の中央にいるかのようで、どうしても手が届かない。",《诗经·秦风》中的名篇。通过深秋清晨芦苇荡的迷离景色，烘托出主人公追寻意中人而不得的怅惘与迷茫。意境空灵凄美，极具朦胧之美。
離騒（節選）,屈原,戦国時代,"帝高陽之苗裔兮，朕皇考曰伯庸。
（中略）
日月忽其不淹兮，春与秋其代序。
惟草木之零落兮，恐美人之遅暮。
（中略）
路漫漫其修遠兮，吾将上下而求索。","私は古の帝・高陽（顓頊）の末裔であり、私の立派な亡父を伯庸という。
（中略）太陽と月は慌ただしく過ぎ去って留まることなく、春と秋は次々と巡ってくる。
草木が散り枯れていくのを見ては、立派な君主が年老いて手遅れになること（あるいは自分の才能が発揮できずに老いること）を恐れるのだ。
（中略）真理を求める道は果てしなく遠いけれども、私は天へ昇り地へ下って、どこまでも探し求めよう。",《离骚》是中国古代最长的抒情诗，也是浪漫主义文学的源头。“路漫漫其修远兮，吾将上下而求索”展现了屈原为了追求真理和高洁理想，不屈不挠、九死不悔的伟大精神。
野望,王績,唐,"東皋薄暮望，徙倚欲何依。
樹樹皆秋色，山山唯落暉。
牧人駆犢返，猟馬帯禽帰。
相顧無相識，長歌懐采薇。","夕暮れ時に東の丘から遠くを望み、あちこち歩き回るが、心はどこに頼ればよいか分からない。
どの木々もすべて秋の色に染まり、どの山々もただ夕日に照らされているだけだ。
牧童は子牛を追って帰り、猟師の馬は獲物をぶら下げて帰っていく。
周りを見渡しても知り合いは誰もおらず、ただ一人長く歌を口ずさみ、隠遁の身である我が身を（昔の伯夷・叔斉のように）慰めるのだ。",初唐时期的名篇。诗中描绘了一幅极其静谧的秋日田园晚景图，但在恬静的背后，却深深隐藏着诗人孤独无依、无人赏识的苦闷与彷徨。
望洞庭湖贈張丞相,孟浩然,唐,"八月湖水平，涵虚混太清。
気蒸雲夢沢，波撼岳陽城。
欲済無舟楫，端居恥聖明。
坐観垂釣者，徒有羨魚情。","八月の洞庭湖は水面が平らに満ち、空の虚空を包み込んで天と混じり合っている。
立ち上る水気は雲夢沢の広大な湿地を蒸し、うねる波は岳陽の城を揺るがすかのようだ。
この湖を渡ろうにも舟も櫂もなく、太平の世にただ暇を持て余している自分が恥ずかしい。
座って釣り人（役人たち）が魚を釣り上げるのを眺めながら、ただ魚（官職）を羨む気持ちを抱いているばかりだ。",这是一首委婉的“求职诗”。前四句写洞庭湖极其宏伟壮阔的景色，气象万千；后四句借景抒情，委婉地表达了自己想要出仕为国效力，却无人引荐的焦急心态。
相思,王維,唐,"紅豆生南国，春来発幾枝。
願君多采擷，此物最相思。","真っ赤な紅豆（あずき）は南の国に生えるというが、春が来てどれほどの枝が芽吹いただろうか。
君よ、どうかその豆をたくさん摘み取ってほしい。この紅豆こそが、最も相思（愛する人への想い）の情を表すものなのだから。",极其短小精悍的五言绝句。诗人借南方特有的“相思子”（红豆），寄托了对远方友人的深切怀念。语言极其单纯，却情意绵绵，后世多用来表达爱情。
宣州謝朓楼餞別校書叔雲,李白,唐,"棄我去者，昨日之日不可留。
乱我心者，今日之日多煩憂。
長風万里送秋雁，対此可以酣高楼。
（中略）
抽刀断水水更流，挙杯消愁愁更愁。
人生在世不称意，明朝散髪弄扁舟。","私を捨てて去っていく「昨日」という日は、引き留めることができない。
私の心を乱す「今日」という日は、煩わしい憂いばかりが多い。
長風が万里の彼方へ秋の雁を送り出していく。この壮大な景色に向かって、高楼で大いに酒を飲もうではないか。
（中略）刀を抜いて水を断ち切ろうとしても水はますます流れ、杯を挙げて愁いを消そうとしても愁いはますます深くなるばかりだ。
人生、この世にいて自分の思い通りにならないのなら、明日の朝は髪を振り乱して小舟に乗り、自由気ままに生きていこう。",李白极其经典的抒情长诗。诗中交织着极度的苦闷与极其豪放的气概。“抽刀断水水更流，举杯消愁愁更愁”将内心那种无法排遣的愁绪描绘得绝妙无比。
兵車行（節選）,杜甫,唐,"車轔轔，馬蕭蕭，行人弓箭各在腰。
耶娘妻子走相送，塵埃不見咸陽橋。
牽衣頓足攔道哭，哭声直上干雲霄。
（中略）
君不見，青海頭，古来白骨無人収。
新鬼煩冤旧鬼哭，天陰雨湿声啾啾。","車はゴロゴロと鳴り、馬はヒンヒンと嘶き、出征する兵士たちは皆、腰に弓矢を帯びている。
父母や妻子が走って見送り、巻き上がる砂埃で咸陽橋も見えないほどだ。
兵士の衣を引き、足ずりをして道を遮って泣き叫び、その泣き声はまっすぐに雲の彼方まで突き抜けていく。
（中略）君は見ないか、あの青海湖のほとりを。古来、戦死した白骨は誰にも収容されず野ざらしになっているのを。
新しい幽霊は無念に泣き叫び、古い幽霊も泣き、空が曇って冷たい雨が降る日には、その恨めしい声がチュウチュウと響き渡るのだ。",这是一首极其震撼人心的反战诗。杜甫以极其写实的笔触，描绘了唐玄宗穷兵黩武给人民带来的深重灾难，哭声震天，悲惨至极，字字血泪。
江南逢李亀年,杜甫,唐,"岐王宅裏尋常見，崔九堂前幾度聞。
正是江南好風景，落花時節又逢君。","昔、長安の岐王の屋敷であなた（李亀年）の姿をよく見かけ、崔九の広間でもあなたの素晴らしい歌声を何度となく聞いたものだ。
そして今、皮肉にも風光明媚なこの江南の地で、花が散りゆく寂しい季節に、落ちぶれた姿で再びあなたと巡り会うとは。",这是杜甫晚年流落江南时所作。短短二十八字，蕴含了极其巨大的时代沧桑感。从昔日长安的繁华盛世，到如今江南落花的衰败衰老，个人的悲凉与国家的衰亡完美交融。
琵琶行（節選）,白居易,唐,"大弦嘈嘈如急雨，小弦切切如私語。
嘈嘈切切錯雑弾，大珠小珠落玉盤。
（中略）
別有幽愁暗恨生，此時無声勝有声。
（中略）
同是天涯淪落人，相逢何必曾相識！
（中略）
座中泣下誰最多？江州司馬青衫湿。","太い弦は激しい雨のようにザーザーと鳴り、細い弦はひそひそ話のように切々と響く。
太い音と細い音が入り混じって奏でられると、まるで大小の真珠が玉の盆に転がり落ちるような美しい音がする。
（中略）そこには言葉にできない深い愁いと暗い恨みが生まれ、この時ばかりは音が無いことが音があることよりも勝って心に響く。
（中略）あなたも私も、同じように天の果てに落ちぶれた者同士。こうして巡り会ったのだから、以前からの知り合いである必要などないではないか！
（中略）この座席の中で誰が一番涙を流しただろうか。それは江州司馬である私（白居易）であり、青い役人の衣がすっかり濡れてしまったのだ。",中国古典诗歌中描写音乐的最高巅峰。白居易通过极其绝妙的比喻，将琵琶声的起伏变化写得出神入化。而“同是天涯沦落人”则将音乐之美与身世之悲融为一体，感动了千百年的读者。
遣悲懐三首・其一,元稹,唐,"謝公最小偏怜女，自嫁黔婁百事乖。
顧我無衣捜藎篋，泥他沽酒抜金釵。
野蔬充膳甘長藿，落葉添薪仰古槐。
今日俸銭過十万，与君営奠復営斎。","あなたは謝安の末娘のように家族から最も愛されていたのに、貧乏な私に嫁いでからは苦労ばかりだった。
私が着る物がないと見れば竹かごの底まで探し、私が酒を飲みたいとねだれば自分の金の簪（かんざし）を抜いて売ってくれた。
野の野菜で食事を済ませて豆の葉を甘んじて食べ、落ち葉を拾って薪の足しにし、古い槐（えんじゅ）の木を仰ぎ見ていた。
今、私の給料は十万銭を超えるようになったが、君はもういない。ただ君のために立派な供養と法事をするだけだ。",元稹悼念亡妻韦丛的绝唱。诗人通过极其琐碎却真实的日常生活细节，追忆妻子与自己共度贫寒的深情。结尾的“子欲养而亲不待，妻共苦而未同甘”，读之令人落泪。
離思五首・其四,元稹,唐,"曾經滄海難為水，除却巫山不是雲。
取次花叢懶回顧，半縁修道半縁君。","かつて広大で深い滄海（青海原）を見た者にとっては、他のどんな水も水とは思えない。巫山の美しい雲を見た者にとっては、他のどんな雲も雲とは思えない。
花が咲き乱れる中を歩いても、振り返って見る気にもなれない。それは半分は仏道修行のためであり、もう半分は亡き君を深く愛しているからだ。",这是一首极其深情、极其坚定的悼亡诗。“曾经沧海难为水”用极其宏大绝美的比喻，表达了对亡妻独一无二、无可替代的绝对忠诚与深爱，是爱情诗中的千古绝句。
嫦娥,李商隠,唐,"雲母屏風燭影深，長河漸落暁星沈。
嫦娥応悔偷霊薬，碧海青天夜夜心。","雲母の屏風の奥に、ろうそくの影が深く揺れている。夜空の天の川は次第に傾き、明けの明星も沈んでゆく。
月に住む嫦娥（じょうが）は、きっと不老不死の霊薬を盗んだことを後悔しているに違いない。この碧い海と青い空のような冷たい孤独の中で、夜な夜な寂しい心を抱いているのだから。",诗人借神话中偷吃仙药飞升月宫的嫦娥，抒发了极其清冷、孤寂的心境。表面写仙子的悔恨，实则隐喻了世间那些为了某种追求而陷入极致孤独之人的哀凄。
漁家傲・秋思,范仲淹,北宋,"塞下秋来風景異，衡陽雁去無留意。
四面辺声連角起，千嶂裏，長煙落日孤城閉。
濁酒一杯家万里，燕然未勒帰無計。
羌管悠悠霜満地，人不寐，将軍白髪征夫涙。","辺境の砦に秋が来ると、故郷とは風景が全く異なってしまう。雁は南の衡陽を目指して飛び去り、ここに留まる様子もない。
四方の辺境の物音が軍の角笛とともに響き渡り、幾重にも連なる山々の中で、狼煙が立ち昇り落日が沈む中、孤立した城の門が閉ざされる。
濁酒を一杯飲んで万里の彼方の故郷を想うが、まだ敵を打ち破って燕然山に石碑を建てる（功績を上げる）までは、帰る手立てもない。
羌族の笛の音が物悲しく響き、地面は霜で真っ白だ。眠れない夜、将軍には白髪が増え、兵士たちは涙を流している。",范仲淹镇守西北边疆时所作。全词极其苍凉悲壮，将边塞的荒凉奇异与将士们既思念家乡又渴望建功立业的极其矛盾、复杂的心理，刻画得入木三分。
浣渓沙,晏殊,北宋,"一曲新詞酒一杯，去年天気旧亭台。
夕陽西下幾時回？
無可奈何花落去，似曽相識燕帰来。
小園香径独徘徊。","新しい曲の歌詞を聴きながら、一杯の酒を飲む。去年の今頃と同じような天気、同じような亭台にいる。
西へ沈んでいった夕陽は、一体いつになれば戻ってくるのだろうか。
どうすることもできないまま花は散り去って行き、どこかで見たことのあるような燕が今年も帰ってきた。
花びらが散り敷かれた小さな庭の小道を、私は一人で歩き回るのだ。",晏殊的代表作。“无可奈何花落去，似曾相识燕归来”极其精巧对仗，在惋惜时光流逝、落花无情的淡淡惆怅中，又蕴含着事物循环往复的自然理趣，有一种从容、优雅的哀愁。
江城子・乙卯正月二十日夜記夢,蘇軾,北宋,"十年生死両茫茫，不思量，自難忘。
千里孤墳，無処話凄涼。
縦使相逢応不識，塵満面，鬢如霜。

夜来幽夢忽還郷，小軒窓，正梳粧。
相顧無言，惟有涙千行。
料得年年腸断処，明月夜，短松岡。","君が死んで別れてから十年の歳月が経ち、生者と死者の境はどちらも茫々として遠い。意識して考えないようにしていても、自然と忘れることはできない。
君の孤高な墓は千里も離れた故郷にあり、この凄涼たる思いを語る場所もない。
たとえ今ここで巡り会えたとしても、君は私だと分からないだろう。私の顔は垢まみれで、もみあげは霜のように真っ白になってしまったのだから。
（中略）夜の夢の中でふと故郷に帰り、小さな窓辺で君が化粧をしているのを見た。
お互いに見つめ合うだけで言葉も出ず、ただ千行の涙を流すばかりだった。
これからも毎年、はらわたがちぎれるほど悲しい思いをする場所があるとしたら、それはあの明月の夜、短い松が植えられた君の墓のある丘だろう。",苏轼悼念亡妻王弗的千古绝唱。全词情感极其深挚悲痛，将十年的生死之别、沧桑之变与梦中的凄凉相聚交织在一起，“相顾无言，惟有泪千行”，字字血泪，极其感人。
定風波,蘇軾,北宋,"莫聴穿林打葉声，何妨吟嘯且徐行。
竹杖芒鞋軽勝馬，誰怕？一蓑煙雨任平生。

料峭春風吹酒醒，微冷，山頭斜照却相迎。
回首向来蕭瑟処，帰去，也無風雨也無晴。","林を抜け、葉を打ちつける雨の音など気にするな。大声で詩を吟じながら、ゆっくりと歩いて行けばいいではないか。
竹の杖と草鞋の身軽さは、馬に乗るよりも勝っている。誰が恐れるものか。蓑を一つ羽織り、煙るような雨の中を生涯の運命に任せて生きていこう。
（中略）少し冷たい春風が吹いて酔いも覚め、少し肌寒く感じたが、山の頂から斜めに差す夕日が私を迎えてくれた。
振り返って、先ほどまで雨風が吹き荒れていた場所を見て思う。さあ帰ろう、そこにはもう風雨もなく、晴れもないのだ（心の中は完全に平穏だ）。",苏轼黄州贬谪时期的极其旷达之作。借一场突如其来的阵雨，表达了面对人生政治风雨时极其从容、超脱的人生态度。“也无风雨也无晴”达到了极高的禅意境界。
游山西村,陸游,南宋,"莫笑農家臘酒渾，豊年留客足鶏豚。
山重水復疑無路，柳暗花明又一村。
簫鼓追随春社近，衣冠簡朴古風存。
従今若許閑乗月，拄杖無時夜叩門。","農家が出してくれる冬の濁り酒を笑ってはいけない。豊作の年だから、客をもてなす鶏や豚の肉はたっぷりある。
山が重なり川が入り組んで、もう道がないのかと疑ったが、柳が茂り花が明るく咲く向こうに、また新たな村が現れた。
（中略）これからは、もし暇な時に月の光に乗じて出かけることが許されるなら、いつでも杖をついて夜に君の家の門を叩こう。",陆游的纪游名篇。“山重水复疑无路，柳暗花明又一村”不仅写出了山村景色的奇妙变化，更蕴含着在绝境中往往蕴含着无限希望的极其深刻的人生哲理。
破陣子・為陳同甫賦壮詞以寄之,辛棄疾,南宋,"酔裏挑灯看剣，夢回吹角連営。
八百里分麾下炙，五十弦翻塞外声，沙場秋点兵。

馬作的盧飛快，弓如霹靂弦驚。
了却君王天下事，贏得生前身後名。可怜白発生！","酒に酔ったまま灯りを引き寄せ、剣を抜いてじっと見つめる。夢から覚めると、陣営に連なる角笛の音が聞こえてくる。
八百里（広大な陣営）に配下の者たちを分け、焼肉を振る舞う。五十弦の楽器が辺境の音楽を奏で、秋の戦場で出陣の兵士を点呼する。
馬はあの名馬「的盧（てきろ）」のように速く飛び、弓は雷のように弦の音を立てて敵を驚かす。
君主のために天下の事（国土回復）を成し遂げ、生前にも死後にも残る立派な名誉を勝ち得ようとしたのだ。
しかし、悲しいかな。現実の私には白髪が生えてしまった（もはや老いてしまったのだ）！",辛弃疾极其悲壮的爱国词。全词前面极力描绘想象中抗金前线极其威武宏大的战斗场面，结尾一句“可怜白发生”却猛然跌落回极其无奈、凄凉的现实，反差极大，壮志难酬的悲愤直透纸背。
墨梅,王冕,元,"吾家洗硯池頭樹，個個花開淡墨痕。
不要人夸好顔色，只留清気満乾坤。","我が家の硯を洗う池のほとりにある木。どの花も淡い墨の跡のように咲いている。
人から美しい色だと褒められる必要はない。ただ清らかな香りだけが天地に満ちていればよいのだ。",这是一首绝佳的题画诗。诗人通过赞美墨梅不求人夸、只愿散发清香的品格，极其含蓄地表达了自己鄙视流俗、保持极其高洁坚贞操守的人生追求。
涼州詞,王之渙,唐,"黄河遠上白雲間，一片孤城万仞山。
羌笛何須怨楊柳，春風不度玉門関。","黄河ははるか彼方の白雲の間へと上り、万仞の高い山々の中にポツンと一つの城がある。
羌族の笛が「折楊柳（別れの曲）」を恨めしそうに吹いているが、その必要はない。春風はこの玉門関を越えては来ない（柳の枝が芽吹くことはない）のだから。",这首边塞诗极其极其悲壮苍凉。不仅描绘了西北边疆极其雄阔奇丽的风光，更隐晦地表达了对驻守边疆将士孤苦无依、朝廷恩典不到的极其深切的同情。
出塞,王昌齢,唐,"秦時明月漢時関，万里長征人未還。
但使龍城飛将在，不教胡馬度陰山。","秦の時代と同じ明月が、漢の時代と同じ関所を照らしている。万里の遠くへ出征した兵士たちはまだ帰ってこない。
もしも今、あの李広将軍のような名将がいてくれたなら、異民族の馬に陰山を越えさせるようなことは決してさせないのに。",被推为“唐人七绝的压卷之作”。“秦时明月汉时关”以极其宏大的历史视野开头，表达了诗人希望朝廷任用良将、保卫边疆、让人民免受战争之苦的强烈愿望。
従軍行,王昌齢,唐,"青海長雲暗雪山，孤城遥望玉門関。
黄沙百戦穿金甲，不破楼蘭終不還。","青海湖の上に長く伸びる雲が雪山を暗く覆い、孤城から遥か遠くの玉門関を望む。
黄色い砂漠での百度の激戦で金の鎧はすり減り穴が空いてしまったが、敵の楼蘭を打ち破るまでは、決して故郷へは帰らない。",此诗展现了戍边将士极其极其坚韧不拔的意志。“不破楼兰终不还”掷地有声，极其悲壮地抒发了将士们誓死报国、不畏牺牲的英雄气概。
過故人荘,孟浩然,唐,"故人具鶏黍，邀我至田家。
緑樹村辺合，青山郭外斜。
開軒面場圃，把酒話桑麻。
待到重陽日，還来就菊花。","古い友人が鶏や粟を用意して、私を田舎の家に招いてくれた。
緑の木々が村の周りを囲み、青々とした山が村の城壁の外に斜めに連なっている。
窓を開けて脱穀場や野菜畑を眺めながら、酒の杯を手にして桑や麻（農作業）の話をする。
また九月九日の重陽の節句が来たら、ここに戻ってきて菊の花を愛でながら酒を飲もう。",这是一首极其清新恬淡的田园诗。没有极其华丽的辞藻，只有极其淳朴的农家风光和真挚的朋友情谊，读来令人感到极其亲切、宁静。
渭川田家,王維,唐,"斜陽照墟落，窮巷牛羊帰。
野老念牧童，倚杖候荊扉。
雉雊麦苗秀，蚕眠桑葉稀。
田夫荷鋤至，相見語依依。
即此羨閑逸，悵然吟式微。","夕日が村落を照らし、村の奥の小道から牛や羊が帰ってくる。
村の老人は牛飼いの子供を気遣い、杖によりかかりながら柴の門で待っている。
キジが鳴いて麦の苗が育ち、蚕が眠りについて桑の葉は少なくなっている。
農夫が鋤を担いで帰ってきて、お互いに顔を合わせて親しげに語り合っている。
この平和で静かな光景を見て、私はそののんびりとした生活を羨み、やるせない思いで「式微（早く帰ろう）」の詩を口ずさむのだ。",王维田园诗的代表作之一。诗中描绘了一幅极其安详宁静的晚归图，流露出诗人对这种极其朴素、极其温暖的田园生活的深切向往，以及对自己久居官场的厌倦。
夢遊天姥吟留別（節選）,李白,唐,"（前略）
青冥浩蕩不見底，日月照耀金銀台。
霓為衣兮風為馬，雲之君兮紛紛而来下。
虎鼓瑟兮鸞回車，仙之人兮列如麻。
忽魂悸以魄動，恍驚起而長嗟。
惟覚時之枕席，失向来之煙霞。
世間行楽亦如此，古来万事東流水。
別君去兮何時還？且放白鹿青崖間，須行即騎訪名山。
安能摧眉折腰事権貴，使我不得開心顔！","（中略）青空は果てしなく広がり底も見えず、日月が金銀の宮殿を照らしている。
虹を衣とし風を馬として、雲の神々が次々と降りてくる。
虎が琴を弾き鸞鳥が車を引き、仙人たちが麻のようにズラリと並んでいる。
ふと魂が震えて驚き目覚め、長くため息をつく。
ただ目覚めた時の枕とむしろがあるだけで、先ほどまでの煙る霞の世界は消え失せてしまった。
この世の行楽もこれと同じようなものだ。古来、万事は東へ流れる水のように去っていく。
君と別れて旅立つが、いつ帰るかは分からない。しばらくは白鹿を青々とした崖の間に放っておき、行きたくなったらそれに乗って名山を訪ねよう。
どうして眉を伏せ腰を折って権力者に仕え、私の心を不愉快にさせることができようか！",李白极其著名的梦游诗。全诗通过极其奇丽、极其瑰丽的神仙世界的描写，反衬出现实世界的污浊。结尾的“安能摧眉折腰事权贵”是李白傲骨的极致体现，震撼千古。
石壕吏,杜甫,唐,"暮投石壕村，有吏夜捉人。
老翁逾墻走，老婦出門看。
吏呼一何怒！婦啼一何苦！
聴婦前致詞：三男鄴城戍。
一男附書至，二男新戦死。
存者且偸生，死者長已矣！
室中更無人，惟有乳下孫。
有孫母未去，出入無完裙。
老嫗力雖衰，請従吏夜帰，急応河陽役，猶得備晨炊。
夜久語声絶，如聞泣幽咽。
天明登前途，独与老翁別。","夕暮れに石壕村に宿をとると、役人が夜に人を捕まえに来た。
お爺さんは塀を越えて逃げ、お婆さんが門を出て応対した。
役人の怒鳴り声のなんと怒り狂っていることか！お婆さんの泣き声のなんと苦しげなことか！
お婆さんが前に進み出て言うのを聞いた。「三人の息子は鄴城の守備に出ています。
一人の息子から手紙が届き、二人の息子は先ごろ戦死したとのことです。
生きている者もどうにか命をつないでいるだけで、死んだ者はもうそれまでです。
家の中にはもう誰もおりません。ただ乳飲み子の孫がいるだけです。
孫がいるのでその母親も去ることができず、出入りするためのまともな着物すらありません。
私めは力も衰えておりますが、どうか役人様と一緒に夜道をついて行き、急ぎ河陽の役務に就かせてください。朝ご飯の準備くらいならできるでしょうから。」
夜も更けて話し声は途絶えたが、かすかにむせび泣く声が聞こえるようだった。
夜明けに次の旅路へと出発する時、私は（戻ってきた）お爺さんただ一人に別れを告げたのだ。",杜甫“三吏”之一。诗人以极其客观、极其冷静的白描手法，如实记录了差役深夜强行抓丁的凄惨一幕，没有任何主观议论，却将战争给百姓带来的极其深重的苦难刻画得极其刺痛人心。
銭塘湖春行,白居易,唐,"孤山寺北賈亭西，水面初平雲脚低。
幾処早鸎争暖樹，誰家新燕啄春泥。
乱花漸欲迷人眼，浅草才能没馬蹄。
最愛湖東行不足，緑楊陰裏白沙堤。","孤山寺の北、賈亭の西のあたり。湖の水面は春の雨で平らになり、雲の端が低く垂れ込めている。
あちこちで早くもウグイスが日当たりの良い木を争うように飛び交い、どこかの家の新しいツバメが巣作りのための春の泥をくわえている。
色とりどりの花が少しずつ咲き乱れて人の目を迷わせようとし、浅い草は馬の蹄をようやく覆うほどの長さだ。
私が一番愛してやまないのは湖の東を歩くことだ。緑の柳の木陰の中にある、あの白沙の堤（白堤）の景色を。",这是一首极其优美的早春风景诗。白居易通过“争暖树”“啄春泥”“没马蹄”等极其生动逼真的细节，将西湖早春那种生机盎然、极其活泼明快的景象写得极其传神。
秋夕,杜牧,唐,"銀燭秋光冷画屏，軽羅小扇撲流蛍。
天階夜色涼如水，坐看牽牛織女星。","銀の蝋燭が秋の光を放ち、描かれた屏風を冷たく照らしている。薄絹の小さな扇で、飛び交う蛍をそっと叩く。
宮殿の階段に夜の気配が満ち、水のように涼しい。ただ一人座って、天空の牽牛星と織女星を眺めているのだ。",这首诗极其细腻地描绘了失宠宫女在秋夜中的孤独境遇。“凉如水”不仅写出了秋夜的清寒，更暗示了宫女内心的极其凄凉与哀怨，意境极其幽美哀婉。
登楽游原,李商隠,唐,"向晩意不適，駆車登古原。
夕陽無限好，只是近黄昏。","夕暮れどき、心が晴れないので車を走らせて古い丘（楽遊原）に登った。
夕陽は限りなく素晴らしいが、ただ黄昏が近づいているのが惜しまれる。",这首诗极其简短却蕴含着极其深邃的人生哲理。“夕阳无限好，只是近黄昏”既是对极其壮美而短暂的自然景色的赞叹，也隐喻了对大唐帝国走向衰落的极其深沉的无奈与感伤。
蝶恋花,晏殊,北宋,"檻菊愁煙蘭泣露，羅幕軽寒，燕子双飛去。
明月不諳離恨苦，斜光到暁穿朱戸。

昨夜西風凋碧樹，独上高楼，望尽天涯路。
欲寄彩箋兼尺素，山長水闊知何処？","垣根の菊はもやに包まれて愁い、蘭は露を帯びて泣いているようだ。絹の幕に軽い寒さを感じ、燕は二羽連れ立って飛んで行ってしまった。
明月は離別を恨む心の苦しみなど分からないのだろう、斜めの光が夜明けまで赤い戸を通り抜けてくる。
昨夜の西風（秋風）が緑の木々を散らしてしまった。私は一人で高い楼閣に登り、天の果てまで続く道をじっと見つめ尽くす。
美しい手紙や手紙を相手に送ろうとするが、山は長く連なり水は広く隔たり、あなたがどこにいるのかも分からないのだ。",晏殊的代表作之一。词中“独上高楼，望尽天涯路”被王国维在《人间词话》中评为做学问、成大事业的第一种境界，意境极其极其高远，悲凉中透着一种极其开阔的孤独。
臨江仙,晏幾道,北宋,"夢後楼台高鎖，酒醒簾幕低垂。
去年春恨却来時。
落花人独立，微雨燕双飛。

記得小蘋初見，両重心字羅衣。
琵琶弦上説相思。
当時明月在，曾照彩雲帰。","夢から覚めると楼閣は高く閉ざされ、酒から覚めるとすだれや幕が低く垂れ下がっている。
去年の春に感じたあの別れの恨みが、またこの季節にやって来た。
花が散る中、私は一人ぽつんと立ち尽くし、小雨が降る中を燕が二羽連れ立って飛んでいく。
思い出すのは、小蘋（しょうひん、歌姫）と初めて会った時のこと。彼女は二つの「心」の字が重なった美しい絹の着物を着ていた。
琵琶の弦に乗せて、私への相思の情を語ってくれた。
あの時と同じ明るい月が今も空にある。かつてその月は、色鮮やかな雲のような彼女が帰っていく姿を照らしていたのだ。",小晏的极其凄美的爱情名篇。“落花人独立，微雨燕双飞”运用了极其强烈的对比，以成双成对的燕子反衬孤独独立的人，意境极其绝美、伤感，是婉约词的巅峰之句。
蝶恋花・春景,蘇軾,北宋,"花褪残紅青杏小。燕子飛時，緑水人家繞。
枝上柳綿吹又少，天涯何処無芳草。

墻裏秋千墻外道。墻外行人，墻裏佳人笑。
笑漸不聞声漸悄，多情却被無情悩。","花は残りの紅を褪せさせ、青い杏の実はまだ小さい。燕が飛ぶ頃、緑の川の水が人家の周りを巡っている。
枝の上の柳の綿も風に吹かれて少なくなったが、天の果てのどこに芳しい草がないことがあろうか（どこにでも春は巡ってくる）。
塀の内側にはブランコがあり、塀の外側には道がある。外の道を行く旅人の耳に、塀の内側にいる美しい女性の笑い声が聞こえてきた。
やがてその笑い声も聞こえなくなり、声は静まった。多情な旅人は、無情な（こちらの思いなど知らない）女性に心を悩まされてしまったのだ。",这首词极其生动地描绘了暮春的景色与一段偶然的情感波澜。“天涯何处无芳草”极其旷达，“多情却被无情恼”又极其细腻巧妙，展现了苏轼极其丰富的内心世界。
武陵春,李清照,南宋,"風住塵香花已尽，日晩倦梳頭。
物是人非事事休，欲語涙先流。

聞説双溪春尚好，也擬泛軽舟。
只恐双溪舴艋舟，載不動許多愁。","風は止み、散った花が土に混じって香っている。日も暮れてきたが、髪をとかす気力すらない。
景色は昔のままだが人はもうおらず、何事も終わってしまった。言葉を発しようとすれば、先に涙が流れてくる。
双渓の春の景色はまだ素晴らしいと聞いたので、私も小舟を浮かべてみようかと思う。
ただ恐ろしいのは、あの双渓の小さなバッタのような小舟では、私のこのありったけの愁いを載せきれないのではないかということだ。",李清照晚年极其极其悲痛的词作。词中将无形的极其沉重的“愁”物化，说它重得连船都载不动，想象极其极其奇特，将亡国丧夫的极其深重的悲痛表达得淋漓尽致。
十一月四日風雨大作,陸游,南宋,"僵卧孤村不自哀，尚思為国戍輪台。
夜闌臥聴風吹雨，鉄馬冰河入夢来。","冷たい孤村に硬直して横たわっているが、我が身を哀れむことはない。今でも国のために輪台（辺境）の守備に就きたいと思っている。
夜が更けて、床に横たわったまま風が雨を吹き付ける音を聞いていると、鎧を着た軍馬が凍った川を渡って突撃する様が、私の夢の中に入ってくるのだ。",陆游六十八岁极其极其震撼人心的爱国名篇。诗中将现实中的极其凄凉的自然风雨，与梦境中极其极其悲壮的战斗风雨完美结合，极其极其强烈地抒发了老将虽老，壮心不已的爱国激情。
丑奴児・書博山道中壁,辛棄疾,南宋,"少年不識愁滋味，愛上層楼。
愛上層楼，為賦新詞強説愁。

而今識尽愁滋味，欲説還休。
欲説還休，却道天涼好個秋。","若い頃は本当の愁いの味など知らず、高い楼閣に登るのが好きだった。
高い楼閣に登っては、新しい詞を作るために、無理やり愁いがあるかのように語っていたものだ。
しかし今、私は本当の愁いの味を知り尽くしてしまった。そのことを語ろうとして、やはりやめてしまう。
語ろうとしてやめてしまい、かわりにこう言うのだ。「涼しくて、実に良い秋ですね」と。",辛弃疾极其深刻的人生哲理词。通过少年时“强说愁”与如今“识尽愁”却“欲说还休”的极其强烈的对比，极其极其含蓄而沉痛地表达了报国无门、壮志难酬的极其极其深重的政治苦闷。
迢迢牽牛星,佚名,漢,"迢迢牽牛星，皎皎河漢女。
繊繊擢素手，札札弄機杼。
終日不成章，泣涕零如雨。
河漢清且浅，相去復幾許。
盈盈一水間，脈脈不得語。","はるか遠くに輝く牽牛星と、白く輝く織女星。
彼女は白く細い手を伸ばし、機織りの音を響かせている。
しかし一日中織っても布は出来上がらず、涙が雨のようにこぼれ落ちる。
天の川は清らかで浅く、二人の距離はどれほど離れているというのか。
水が満ちる一筋の川を隔てて、じっと見つめ合うだけで言葉を交わすこともできない。",《古诗十九首》之一。借牛郎织女的神话传说，极其细腻、凄美地描写了人间相爱却不能相聚的思妇的哀怨之情。语言质朴洗练，情感深挚动人。
帰園田居・其一,陶淵明,東晋,"少無適俗韻，性本愛丘山。
誤落塵網中，一去三十年。
（中略）
戸庭無塵雑，虚室有余閑。
久在樊籠裏，復得返自然。","若い頃から世間の俗習には馴染めず、生まれつき自然の山野を愛する性格だった。
それなのに誤って役人という塵の網に落ち込んでしまい、気がつけば三十年が経っていた。
（中略）庭には世俗の煩わしさはなく、何もない部屋にはゆったりとした時間が流れている。
長い間、鳥かごの中に閉じ込められていたが、ようやく自然のままの自分を取り戻すことができたのだ。",这是陶渊明辞官归隐初期的名作。诗中通过对黑暗官场的厌恶和对纯洁田园生活的赞美，抒发了“复得返自然”的极大喜悦与解脱感。
月下独酌,李白,唐,"花間一壺酒，独酌無相親。
挙杯邀明月，対影成三人。
月既不解飲，影徒随我身。
暫伴月将影，行楽須及春。
我歌月徘徊，我舞影零乱。
醒時同交歓，酔後各分散。
永結無情遊，相期邈雲漢。","花の中に一壺の酒を置き、親しい者もなく一人で酒を飲む。
杯を挙げて名月を招き入れ、自分の影と合わせて三人になった。
月はもともと酒を飲むことを解さず、影はただ私の体に従うだけだ。
それでも暫くは月と影を伴として、この春の夜の行楽を楽しもう。
私が歌えば月は空をさまよい、私が舞えば影は乱れ動く。
目覚めている時は共に喜びを交わし、酔った後はそれぞれに分かれていく。
感情を持たない自然の月や影と永遠の交わりを結び、はるか天の川での再会を期そう。",李白极其经典的浪漫主义名篇。诗人在孤独中展开奇特的想象，将明月和影子拟人化，结为酒友。表面写饮酒行乐，实则透露出一种极度的高洁与傲岸，孤独中透着狂放。
峨眉山月歌,李白,唐,"峨眉山月半輪秋，影入平羌江水流。
夜発清渓向三峡，思君不見下渝州。","秋の峨眉山に半輪の月がかかり、その影は平羌江の水面に映って流れている。
夜、清渓を出発して三峡へと向かう。君（月）を想うが見ることはできず、私はそのまま渝州へと下っていく。",这是李白年轻时离开蜀地所作。全诗二十八字中包含了五个地名，如行云流水般自然，将清朗的秋月与悠长的羁旅之思完美融合。
月夜,杜甫,唐,"今夜鄜州月，閨中只独看。
遥怜小児女，未解憶長安。
香霧雲鬟湿，清輝玉臂寒。
何時倚虚幌，双照涙痕乾。","今夜、鄜州（ふしゅう）に出ている月を、妻は閨（ねや）で一人見つめていることだろう。
遠くから愛おしく思うのは、幼い子供たちはまだ、長安にいる私を思い出すことも分からないだろうということだ。
夜霧で妻の美しい髪は湿り、清らかな月の光の中でその白い腕は冷えていることだろう。
いつになったら透き通ったカーテンのそばで寄り添い、二人が月に照らされながらこの涙の跡を乾かすことができるのだろうか。",安史之乱中，杜甫被困长安，思念远在鄜州的妻子而作。诗人不写自己望月思乡，而是想象妻子望月思念自己，构思极其巧妙，情真意切，感人至深。
旅夜書懐,杜甫,唐,"細草微風岸，危檣独夜舟。
星垂平野闊，月涌大江流。
名豈文章著，官応老病休。
飄飄何所似，天地一沙鴎。","細い草がそよぐ微風の岸辺、高い帆柱を立てた孤独な夜の舟。
星は広大な平野の彼方まで垂れ下がり、月は長江の雄大な流れに湧き上がるように映っている。
私の名声がどうして詩文ごときで世に知られようか、いや知られはしない。官職も老いと病のせいで辞めるべきなのだ。
風に吹かれてあてどなく漂うこの身は一体何に似ているだろうか。天地の間を孤独に飞ぶ、一羽の沙鴎（かもめ）のようなものだ。",杜甫晚年漂泊西南时所作。前四句写景，宏阔壮丽；后四句抒情，凄凉哀怨。“天地一沙鸥”极其形象地概括了诗人一生漂泊无依、孤独悲苦的命运。
長恨歌（節選）,白居易,唐,"七月七日長生殿，夜半無人私語時。
在天願作比翼鳥，在地願為連理枝。
天長地久有時尽，此恨綿綿無絶期。","七月七日、長生殿にて。夜半、誰もいない時に二人でひそかに語り合った言葉。
「天にあっては願わくは比翼の鳥となり、地にあっては願わくは連理の枝となりましょう」と。
天は長く地は久しいが、いつかは尽きる時があるだろう。しかし、この愛の悲しみと恨みだけは綿々と続き、決して絶える期（とき）はないのだ。",《长恨歌》是千古绝唱的叙事长诗，讲述了唐明皇与杨贵妃的爱情悲剧。结尾这几句高度升华了爱情的坚贞与不朽，成为中华文化中描写生死恋情的巅峰之句。
大林寺桃花,白居易,唐,"人間四月芳菲尽，山寺桃花始盛開。
長恨春帰無覓処，不知転入此中来。","俗世間（平地）の四月は花々がすっかり散ってしまったというのに、この山寺では桃の花がちょうど満開になり始めたところだ。
春が帰ってしまい、どこを探しても見つからないといつも恨めしく思っていたが、まさかこの山の中に移り住んできていたとは知らなかった。",诗人在初夏登山，意外看到满树桃花，惊喜之情跃然纸上。全诗构思巧妙，充满童趣与理趣，表现了诗人对春天的无限热爱。
酬楽天揚州初逢席上見贈,劉禹錫,唐,"巴山楚水凄涼地，二十三年棄置身。
懐旧空吟聞笛賦，到郷翻似爛柯人。
沈舟側畔千帆過，病樹前頭万木春。
今日聴君歌一曲，暫凭杯酒長精神。","巴山や楚水という凄涼とした地に、二十三年もの間捨て置かれた身であった。
亡き友を懐かしんでは空しく「聞笛賦」を吟じ、ようやく故郷に帰ってみれば、まるで「爛柯の人」のように世の中が変わってしまっていた。
しかし、沈みゆく舟のそばを数千の帆舟が通り過ぎて行き、枯れゆく病の木の前には万木の春が広がっている。
今日、君（白居易）の作ってくれた一曲を聴き、暫くはこの杯の酒に頼って気力を奮い立たせよう。",刘禹锡被贬谪二十三年后回京，在扬州与白居易相逢时所作。“沉舟侧畔千帆过，病树前头万木春”不仅表现了诗人极其豁达、坚韧的胸怀，更蕴含着新事物必将取代旧事物的深刻哲理。
錦瑟,李商隠,唐,"錦瑟無端五十弦，一弦一柱思華年。
荘生暁夢迷蝴蝶，望帝春心托杜鵑。
滄海月明珠有涙，藍田日暖玉生煙。
此情可待成追憶，只是当時已惘然。","美しい装飾の錦瑟は、どうして五十本もの弦があるのだろう。その一本の弦、一つの柱に触れるたび、美しかった青春の年月のことが思い出される。
荘子が明け方の夢で蝶になったように迷い、望帝が春の悲しい心をホトトギスに託したように。
青い海に月が明るく照る時、真珠は涙を流し、藍田の山に太陽が暖かく照る時、玉から煙が立ち昇る。
これらの情は、後になって追憶の種となるのを待つまでもなく、まさにその当時でさえすでに茫然自失とするものだったのだ。",李商隐最难解、也最凄美的名篇。全诗运用大量迷离的典故，营造出一种极其朦胧、哀婉的梦幻意境，抒发了诗人对青春易逝、怀才不遇及爱情悲剧的无尽追惘。
虞美人,李煜,五代,"春花秋月何時了？往事知多少。
小楼昨夜又東風，故国不堪回首月明中。
彫欄玉砌応猶在，只是朱顔改。
問君能有幾多愁？恰似一江春水向東流。","春の花や秋の月といった美しい景色は、一体いつになれば終わるのだろうか。過ぎ去った過去の出来事をどれほど思い出すことか。
私が幽閉されている小楼に昨夜もまた春の東風が吹いた。月の明るい光の中、滅んだ故国を振り返るのには耐えられない。
彫刻を施した欄干や大理石の階段は今も残っているだろうが、そこにいた人々の若々しい顔ぶれは変わってしまった。
君に問う、人にはどれほどの愁いがあるというのか。それはちょうど、春の水が長江を満たして東へ東へと果てしなく流れていくようなものだ。",南唐后主李煜的绝命词。词中通过对自然永恒与人事沧桑的对比，将亡国之痛表达得极其深沉和凄美。“问君能有几多愁，恰似一江春水向东流”成为千古绝唱。
念奴嬌・赤壁懐古,蘇軾,北宋,"大江東去，浪淘尽，千古風流人物。
故塁西辺，人道是，三国周郎赤壁。
乱石穿空，驚涛拍岸，巻起千堆雪。
江山如画，一時多少豪傑。

遥想公瑾当年，小喬初嫁了，雄姿英発。
羽扇綸巾，談笑間，檣櫓灰飛煙滅。
故国神游，多情応笑我，早生華髪。
人生如夢，一尊還酹江月。","長江は東へと流れ去り、その波は千古の英雄たちをすべて洗い流してしまった。
古い砦の西側、人々はここが三国時代の周瑜（周郎）が活躍した赤壁だと言う。
乱れ立つ岩は空を突き抜け、驚くような荒波が岸を叩き、千万の雪のような水しぶきを巻き上げている。
この江山は絵のように美しく、当時はどれほどの豪傑たちがここに集まったことか。
（後半略）ああ、心は昔の戦場をさまよい、多情な私は自分で自分を笑うしかない、こんなに早く白髪が生えてしまったことを。
人生は夢のようなものだ。杯の酒を長江の月に捧げて、ただ静かに飲もう。",宋代豪放词的巅峰之作。苏轼借赤壁之景，追忆周瑜的英雄业绩，再对比自己贬谪黄州的失意，在极其雄壮开阔的境界中抒发了对历史苍茫与人生虚幻的旷达感慨。
満江紅,岳飛,南宋,"怒髪衝冠，凭欄処、瀟瀟雨歇。
抬望眼，仰天長嘯，壮懐激烈。
三十功名塵与土，八千里路雲和月。
莫等閑，白了少年頭，空悲切！
待从頭、收拾旧山河，朝天闕。","怒りのあまり髪は冠を突き上げんばかりだ。欄干にもたれていると、激しい雨がやんだ。
顔を上げて目を凝らし、天を仰いで長く叫べば、壮大な志が激しく燃え上がる。
三十年かけて得た功名など塵や土のように軽いものだ。八千里を駆け抜けた陣中の日々も、雲や月が知るのみ。
無為に過ごしてはならない、少年の黒髪が白くなってからでは、空しく悲しむだけだ！
もう一度最初から失われた山河を取り戻し、天子に勝利の報告をする日を待っているのだ。",这是南宋抗金名将岳飞的代表作。全词气壮山河，慷慨悲壮，凝聚了极其强烈的爱国主义精神和誓死报国的英雄气概，激励了无数中华儿女。
一剪梅,李清照,北宋,"紅藕香残玉簟秋。軽解羅裳，独上蘭舟。
雲中誰寄錦書来，雁字回時，月満西楼。

花自飄零水自流。一種相思，両処閑愁。
此情無計可消除，才下眉頭，却上心頭。","紅い蓮の花の香りが残り、玉の敷物に秋の冷たさを感じる。そっと絹の衣を解き、一人で小舟に乗り込む。
雲の中から、誰が錦の美しい手紙を送ってくれるだろうか。雁が連なって飛んで帰る頃、月は西の楼閣を明るく照らしている。
花は自然に散り落ち、水は自然に流れていく。一つの相思の思いが、離れた二つの場所でそれぞれの愁いとなっている。
この想いを消し去る術はない。ようやく眉間のしわが消えた（諦めた）と思ったのに、またすぐに心の奥底に込み上げてくるのだ。",李清照抒发相思之苦的名篇。“才下眉头，却上心头”极其巧妙、形象地描绘了那种挥之不去、无法排遣的思念之情，是婉约词的极致表现。
青玉案・元夕,辛棄疾,南宋,"東風夜放花千樹。更吹落、星如雨。
宝馬雕車香満路。
鳳簫声動，玉壺光転，一夜魚龍舞。

蛾児雪柳黄金縷。笑語盈盈暗香去。
衆裏尋他千百度。
驀然回首，那人却在，灯火闌珊処。","春風が夜に吹き、千万の木々に花を咲かせた。さらに風は吹き、花火が星の雨のように落ちてくる。
立派な馬や彫刻された車が行き交い、道には香りが満ちている。
鳳凰の簫（笛）の音が響き、玉壺（月）が輝き、一晩中、魚や龍の舞いが続く。
着飾った女性たちが笑いさざめきながら、ほのかな香りを残して通り過ぎていく。
群衆の中で、私は「あの人」を百度も千度も探し求めた。
ふと突然振り返ると、なんとあの人は、灯りもまばらな静かな片隅に立っていたのだ。",辛弃疾通过描绘元宵佳节极其热闹繁华的景象，反衬出一个孤高脱俗、不慕荣华的女子形象（实为诗人的自我写照）。结尾“蓦然回首”更是境界极高的千古绝句。
春江花月夜,張若虚,唐,"春江潮水連海平，海上明月共潮生。
灩灩随波千万里，何処春江無月明！
江流宛転繞芳甸，月照花林皆似霰。
空裏流霜不覚飛，汀上白沙看不見。
江天一色無繊塵，皎皎空中孤月輪。
江畔何人初見月？江月何年初照人？","春の長江の潮水は海と連なって平らに満ち、海上の名月は潮の満ち引きと共に昇ってくる。
月の光は波に揺られて千万里も続き、春の長江で月の明るくない場所などどこにもない！
川はうねうねと曲がりながら花の咲く野原を巡り、月に照らされた花の林はまるで霰（あられ）をかぶったようだ。
空を流れる霜は飛んでいることにも気付かず、水際の白い砂も月光に溶け込んで見えない。
川と空は同じ色に溶け合い、塵一つない清らかさの中、真っ白な空にただ一つの丸い月が浮かんでいる。
この長江のほとりで、一体誰が最初に月を見たのだろうか。この長江の月は、一体いつの年に初めて人を照らしたのだろうか。",被闻一多先生誉为“诗中的诗，顶峰上的顶峰”。诗中将春、江、花、月、夜五种景物完美交融，并发出对宇宙无穷、人生短暂的深邃哲学叩问，极具音韵与画意之美。
雁門太守行,李賀,唐,"黒雲圧城城欲摧，甲光向日金鱗開。
角声満天秋色裏，塞上燕脂凝夜紫。
半巻紅旗臨易水，霜重鼓寒声不起。
報君黄金台上意，提携玉龍為君死。","黒雲が城を押しつぶさんばかりに迫っているが、太陽に向かう鎧の光は金色の鱗のように開いて輝いている。
秋の景色の中、角笛の音が空いっぱいに響き渡り、辺境の地は夜になると血のような燕脂（えんじ）色が赤紫色に凝り固まる。
紅い旗を半分巻き上げて易水に臨むが、霜が重く太鼓も凍え、その音は高くは響かない。
黄金台で受けた主君の厚意に報いるため、玉龍の剣を提げて主君のために死のう。",李贺代表作，人称“诗鬼”。全诗充满了极其浓烈、诡异的色彩感，悲壮而奇幻，生动描绘了边塞将士视死如归的战斗精神。
蝶恋花・庭院深深深幾許,欧陽脩,北宋,"庭院深深深幾許，楊柳堆煙，簾幕無重数。
玉勒雕鞍游冶処，楼高不見章台路。

雨横風狂三月暮，門掩黄昏，無計留春住。
涙眼問花花不語，乱紅飛過秋千去。","庭園は奥深く、一体どれほど深いのだろうか。楊柳は煙のように茂り、すだれや幕が幾重にもかかっている。
立派な馬に乗ったあの人は歓楽街で遊んでいるのだろう、この高い楼閣から見てもその道は見えない。
雨が横なぐりに降り風が吹き荒れる三月の終わり。黄昏時に門を閉ざすが、過ぎ行く春を引き留めるすべはない。
涙目で花に尋ねるが花は何も語らず、ただ乱れ散る赤い花びらがブランコの向こうへ飛んでいくだけだ。",欧阳修写闺怨的绝妙之作。“泪眼问花花不语，乱红飞过秋千去”极其极其生动地刻画了主人公内心的孤寂与绝望，被后人誉为神来之笔。
次北固山下,王湾,唐,"客路青山外，行舟緑水前。
潮平両岸闊，風正一帆懸。
海日生残夜，江春入旧年。
郷書何処達？帰雁洛陽辺。","旅の道は青山の外へと続き、進む舟は緑の川の前を行く。
潮は平らに満ちて両岸は広々と開き、風は順風で一枚の帆が高く掛かっている。
まだ夜が明けきらない残夜の中で海から太陽が昇り、古い年が明けないうちに川辺の春が入り込んでくる。
故郷への手紙はどこへ届けようか。北へ帰る雁よ、洛陽の辺りまで届けておくれ。",这是一首极其宏阔、清新的羁旅诗。“海日生残夜，江春入旧年”不仅对仗极其工整，更蕴含着极其生动的新旧交替、生生不息的自然理趣。
雨霖鈴,柳永,北宋,"寒蝉凄切，対長亭晩，驟雨初歇。
都門帳飲無緒，留恋処，蘭舟催発。
執手相看涙眼，竟無語凝噎。
念去去，千里煙波，暮靄沈沈楚天闊。

多情自古傷離別，更那堪，冷落清秋節！
今宵酒醒何処？楊柳岸，暁風残月。
此去経年，応是良辰好景虚設。
便縦有千種風情，更与何人説？","寒蝉がもの悲しく鳴いている。夕暮れの長亭で向かい合っていると、にわか雨がようやくやんだ。
都の門で別れの宴を開くが少しも楽しくない。名残を惜しんでいると、小舟が出発を急き立てる。
手を取り合い、涙目で見つめ合うが、言葉も出ずにただむせび泣くばかり。
これから千里の彼方へもやの波を越えて行くことを思えば、夕暮れの靄が重く沈む楚の空は広大だ。
（中略）今夜、酒から覚めるのはどこだろうか。柳の茂る岸辺、明け方の風が吹き、有明の月が残る場所だろう。
これから何年も、素晴らしい日や美しい景色があっても、すべて虚しいものになるだろう。
たとえ千種類の愛情があっても、一体誰に語ればよいというのか？",柳永婉约词的登峰造极之作。“今宵酒醒何处？杨柳岸，晓风残月”极其极其生动地描绘了离别后极其凄清、孤独的早晨，千古传诵。
鵲橋仙,秦観,北宋,"繊雲弄巧，飛星伝恨，銀漢迢迢暗度。
金風玉露一相逢，便勝却人間無数。

柔情似水，佳期如夢，忍顧鵲橋帰路。
両情若是久長時，又豈在朝朝暮暮。","細い雲が美しい形を作り、流星が恨みを伝えながら、遥か遠い天の川を密かに渡っていく。
秋の風と玉のような露が降りるこの夜のたった一度の逢瀬は、人間界の無数の平凡な逢瀬に勝っている。
優しい愛情は水のように柔らかく、素晴らしい逢瀬は夢のよう。カササギの橋を帰る道など、どうして振り返って見られようか。
もし二人の愛が永遠に続くものであるならば、どうして朝から晩までいつも一緒にいる必要があろうか（いや、離れていても心は結ばれている）。",借牛郎织女的故事抒发极其高洁的爱情观。“两情若是久长时，又岂在朝朝暮暮”打破了传统的伤别套路，升华了爱情的极其深远、永恒的意义。
桃花庵歌（節選）,唐寅,明,"桃花塢裏桃花庵，桃花庵下桃花仙。
桃花仙人種桃樹，又摘桃花換酒銭。
酒醒只在花前坐，酒酔還来花下眠。
（中略）
別人笑我太瘋癲，我笑他人看不穿。
不見五陵豪傑墓，無花無酒鋤作田。","桃花塢の里にある桃花庵、その桃花庵の下に住む桃花仙（私）。
桃花仙人は桃の木を植え、また桃の花を摘んでは酒代に換えるのだ。
酒から覚めれば花の前に座り、酔えばまた花の下で眠る。
（中略）他人は私のことを狂っていると笑うが、私は他人が物事の真理を見抜けていないと笑うのだ。
見たまえ、昔の権力者や豪傑たちの立派な墓を。今では花も酒もなく、農夫に鋤で耕されて田畑になっているではないか。",唐伯虎极其狂放、极其超脱的代表作。全诗通过对桃花仙人极其隐逸风流生活的描绘，表达了诗人鄙视功名富贵、极其极其渴望自由的率真人格。
長相思,納蘭性徳,清,"山一程，水一程，身向楡関那畔行，夜深千帳灯。
風一更，雪一更，聒砕郷心夢不成，故園無此声。","山を越え、川を渡り、我が身ははるか北の山海関の向こうへと進んでいく。夜が更けると、野営の数千のテントに灯りがともる。
風が吹き荒れ、雪が降りしきり、そのやかましい音が故郷を想う心を打ち砕き、夢を見ることもできない。私の故郷（北京）では、こんな荒々しい音はしないのだ。",清代词人纳兰性德随康熙皇帝出塞时所作。全词极其纯净、自然，将塞外行军的艰辛壮阔与内心深处极其细腻柔软的思乡之情完美融合，凄婉动人。
